"","RS05272016SE_T2","TB05292018TC_T1","MM10082018TM_T1","MM01112019VJ_T1","MM04192019YF_T1","MM_0257_BM_03_NA","MM_1951_BM_04_NA","Takeda_Ctrl_15_P1","P1_HDPlasma_1017_1","TB12092016KL_T4","TB06182018RS_T1","MM10082018TM_T2","MM10132017WL_T3","MM02152019JN_T2","MM_0422_BM_02_NA","MM_0590_BM_03_NA","P1_HDPlasma_1017_2","TB3040_T3","TB04052017KK_T2","TB11012017JH_T3","MM08082018SM_T2","MM02152019JN_T1","MM05032018RK_T2","MM_0237_BM_03_NA","MM_0501_BM_04_NA","RS05272016SE_T1","TB08112017JC_T2","TB07262018HF_T1","MM12102018KD_T2","MM08022018JO_T2","MM12062018MK_T3","MM_1951_BM_03_NA","TB01092018VC_T2","TB7083_T1","TB11012017JH_T2","TB08022018JO_T1","MM12142018RH_T1","MM04052017KK_T3","MM01142019GB_T2","MM_0255_BM_03_NA","Takeda_Ctrl_2_P1","TB3040_T5","TB05032018RK_T1","TB08082018SM_T1","MM01042019CA_T1","MM12192018RH_T3","MM08052019TJ_T1","MM_0002_BM_04_NA","Takeda_Ctrl_5_P1","TB07052017VC_T1","TB05112018JD_T1","MM04172018DG_T2","MM12062018MK_T2","MM01042019CA_T2","MM05292018TC_T2","MM_0591_BM_02_NA","Takeda_Ctrl_8_P1","TB7077_T3","TB05232018SL_T1","MM10132017WL_T2","MM01142019GB_T1","MM04182019JJ_T1","MM05112018JD_T4","MM_0569_BM_02_NA","Takeda_Ctrl_12_P1","P2_HDPlasma_1017_1","P2_HDPlasma_1017_2","38Pre_TB06112018PS","38Post_MM_0370_BM_03","39Pre_MM_1330_BM_01","39Post_MM_1330_BM_02","41Pre_MM01152019WM","41Post_MM_0502_BM_02","42Pre_TB08282017SN","42Post_MM_0382_BM_03","43Pre_MM_5209_BM_01","43Post_MM_5209_BM_02","44Pre_MM_5278_BM_01","44Post_MM_5278_BM_02","45Pre_MM09282018MWM","45Post_MM_0418_BM_03","46Pre_MM06042018MH","46Post_MM_0327_BM_03","47Pre_TB05172017KR","47Post_MM05172017KR","48Pre_TB05212013MT","48Post_MM05212013MT","20Pre_MM08052019TJ","20Post_MM_0422 BM_02","11Pre_ TB08112017JC","11Post_ TB08112017JC","28On_RS12092016KL","22On_MM07262018HF","25On_MM06182018RS","31On_MM04182019JJ","38On_MM_0370_BM_02","Takeda_Ctrl_8_P2","Takeda_Ctrl_5_P2","Takeda_Ctrl_2_P2","Takeda_Ctrl_15_P2","Takeda_Ctrl_12_P2"
"IL8",7.74614,5.58505,6.57857,6.65246,5.76229,5.78396,7.28703,11.15652,5.22802,7.66318,5.80053,8.48045,6.66104,7.42029,7.37508,5.89619,5.26424,7.48243,6.0673,9.92569,5.61553,6.45638,5.15577,10.1688,13.2041,7.02749,6.86573,5.58257,6.62042,8.57413,6.43748,8.6298,6.70482,5.67721,6.78628,7.27303,7.58623,6.2325,7.33452,8.70807,14.25018,7.73493,6.02568,7.42758,7.21072,6.73065,5.78454,5.38003,10.12771,6.40367,6.0272,4.64429,6.25924,6.70657,5.9454,6.52916,12.34023,7.91304,6.79654,5.66075,10.28497,5.82376,7.79402,9.01754,14.0346,4.69657,4.75312,5.71471,6.79051,5.82357,6.5978,8.05155,6.60852,6.53737,6.12366,6.10524,5.63314,6.93411,5.83664,5.45111,7.22455,6.24178,5.76833,5.76518,6.32613,6.99396,6.84015,5.15385,7.04049,6.39311,6.19159,5.34325,6.25925,6.58722,6.36546,7.39969,11.4967,9.34785,13.1986,10.44402,13.2077
"TNFRSF9",7.99933,7.07654,6.5763,6.87162,6.86625,6.66598,6.12271,5.48025,5.93473,6.73319,6.63435,7.21059,6.91754,8.03359,6.61939,6.89405,6.03682,6.31962,6.521,6.30486,5.75144,6.80173,6.37888,5.91775,6.35436,6.77029,6.59413,5.81934,6.40697,7.84903,7.11256,6.58405,6.65521,6.52617,6.69277,8.03789,7.38562,6.71266,6.86406,7.40484,5.71884,9.0815,6.65726,8.282,6.85462,7.80792,7.88965,5.91928,5.23667,6.08651,6.57952,6.04826,6.47317,7.05964,6.80064,7.26842,5.29671,8.02526,7.34172,6.94336,6.94928,6.49873,7.21634,6.62798,6.30863,5.64715,5.57628,6.77778,6.22794,5.68361,6.14499,6.24404,6.37475,5.88404,5.69287,5.93492,5.34625,7.43586,6.59385,6.20084,6.91723,7.19186,7.47942,5.75898,5.66701,6.6371,6.971,7.52295,6.41301,5.46902,6.00272,5.92253,5.15507,6.10426,6.33938,5.83204,4.8608,4.70346,5.07298,4.93178,5.31267
"TIE2",8.62399,7.79177,8.16566,7.8324,8.9694,7.92647,7.80457,7.00055,7.90951,8.13638,8.10609,8.59348,8.07064,8.63742,8.48808,8.32042,8.1296,8.32669,8.31636,8.26426,8.35115,8.09918,7.98449,8.33083,8.14573,8.73023,9.06352,8.75944,8.05331,8.16015,8.89955,8.25668,8.38769,8.32112,8.4891,8.45536,8.73065,8.24304,8.30543,8.49022,7.21715,8.63774,8.00843,8.82078,8.41538,8.38191,8.74407,8.02581,6.87556,7.95138,8.2902,8.42712,8.84072,8.23575,8.08102,8.57247,6.86483,8.49546,8.35939,8.19594,7.94932,8.34354,8.67683,8.14798,7.29386,7.57815,7.46112,7.87102,7.57171,7.88594,7.6205,7.61306,7.37548,7.43006,7.9129,7.41418,7.50907,8.18838,8.06257,7.37617,7.34188,7.6118,7.64602,7.04043,7.03714,7.38098,7.52546,8.0418,7.93611,7.9102,8.11147,7.34858,7.41364,7.48586,7.83185,7.98196,6.30516,6.19706,6.38871,6.41514,6.34261
"MCP.3",4.41677,3.78836,3.2922,1.87866,4.63801,3.75866,1.76156,12.88814,2.96959,4.37747,3.37872,3.8464,4.27827,4.7913,3.28349,3.06028,2.98709,4.33866,3.19895,5.11387,3.2989,3.85104,2.84989,4.81636,8.83528,4.2055,3.67774,3.84084,3.66857,4.0961,4.09401,2.41228,4.13814,3.87868,4.67043,4.26396,5.76338,3.55788,3.36654,4.07222,12.94255,4.50907,2.85361,3.62655,4.21123,5.69681,3.06193,3.86372,12.61317,3.80186,3.86213,3.23883,3.17246,3.82834,3.41535,3.487,10.61357,3.51595,3.71356,3.84273,3.88917,3.07259,4.02659,3.12386,12.81226,1.85742,1.73189,1.70563,2.38644,2.77289,3.30507,2.22411,2.0914,2.44892,2.6969,1.20184,1.56918,3.54455,2.73533,2.18008,2.85209,1.96489,2.34008,1.85621,1.73044,2.31528,3.31771,1.81494,1.90605,2.30915,2.40227,2.94377,1.70155,2.93668,1.92654,2.74804,9.3889,11.2601,11.37307,11.64717,11.63868
"CD40.L",5.03328,6.45457,5.20587,5.59168,6.64776,4.9439,4.21706,4.93431,7.1628,5.81732,5.17725,7.33858,6.89763,4.94082,7.04286,5.19382,7.24489,4.77379,5.93861,4.22877,4.7609,3.56058,4.29408,6.52059,6.69817,3.03613,5.42901,7.01215,6.35688,4.41002,4.7841,5.26885,4.5015,5.47659,5.37921,5.1587,5.75405,5.89098,5.92761,4.63461,4.58636,5.59762,4.47387,5.60252,5.97539,5.6729,4.36696,5.80059,4.01256,4.1129,5.78099,5.33589,8.00149,5.28402,6.90913,6.40087,4.28003,4.57179,5.25644,4.45737,6.8105,5.15602,8.39083,5.85177,5.08842,4.94402,4.9399,3.90881,4.56291,3.91429,4.01784,4.54947,3.03497,3.96656,4.67541,4.32532,4.60686,4.0239,2.40796,4.22561,4.01052,4.10139,4.4498,2.15809,3.0818,4.31469,4.17719,2.75778,5.30694,3.43536,3.56979,3.26587,4.20174,2.40125,4.43144,4.83827,2.86887,2.70335,2.87403,3.77891,3.57787
"IL.1.alpha",0.25897,-0.75089,-0.83321,-0.26794,-0.4513,-1.03943,-0.4574,1.41336,-0.99862,-0.74877,-1.26473,-0.84608,-0.19578,-0.99849,-0.79525,-0.47365,-0.91505,-0.77446,-0.43967,-0.70171,0.42424,-0.99094,-0.76973,0.14375,0.31149,-0.78896,-0.33124,-0.57767,-0.82408,-0.69533,-0.74632,-0.64329,-0.5184,-0.69691,-0.74394,-0.53463,-0.82345,-0.5183,-1.13037,-0.94943,6.49695,-0.91112,-0.905,-0.51261,-0.49583,-0.64493,-1.07113,-0.90322,1.20905,-0.62837,0.75197,-0.91347,-0.85283,-0.43764,-0.83023,-0.44936,0.32499,-0.72788,-0.11548,-0.64932,-1.26617,-0.87169,-0.79415,-0.679,6.57591,-0.61303,-1.5715,2.98054,-0.6291,0.7206,0.13258,1.6218,3.51489,2.71074,0.64082,2.8899,2.78858,-0.60375,0.37438,1.34752,3.29707,2.58531,1.2417,3.03425,-0.95731,-1.2756,0.18339,1.46159,3.53278,2.67714,0.42375,3.04319,-0.76197,-1.75139,0.02381,1.69863,3.4356,2.77861,5.5337,3.21144,5.76771
"CD244",8.14672,6.40915,6.68223,7.45978,7.63522,6.5204,6.83876,5.89196,7.2692,7.61668,7.07648,7.3729,6.49187,8.35077,7.62794,6.67059,7.29927,6.9203,6.8841,5.71816,6.98,7.43132,6.72909,6.90363,7.29262,7.08725,7.2918,7.28563,6.42801,6.30631,6.51062,7.02819,6.97225,6.81516,6.9324,6.93869,6.89774,6.73975,3.5188,7.13826,6.23348,7.22847,6.9217,7.95161,7.10194,6.90331,7.17146,6.62201,5.79956,6.55671,6.64533,6.63367,6.37646,6.75675,6.07746,7.59262,6.17084,6.67865,6.76392,6.34555,4.31266,6.47666,6.15229,6.74481,6.10118,6.18348,6.06842,5.90058,6.0306,5.59308,5.12823,5.74665,6.05948,5.58865,5.16685,5.42416,5.62286,6.22761,5.97363,6.07609,6.33057,6.18457,6.22173,5.7562,6.04491,5.77525,6.06512,6.17184,6.41105,5.88732,6.07148,5.8473,6.24684,6.1685,5.96569,5.81418,5.32935,5.55548,5.55795,5.40591,5.41619
"EGF",8.53058,9.10459,8.57425,8.7979,9.79219,7.88144,7.91896,8.9024,9.66912,8.02828,7.65611,10.13694,9.254,8.65387,10.68639,8.3483,9.82323,7.52207,8.8442,7.24162,7.23475,7.42578,6.73779,9.50706,10.58597,6.19337,7.99534,10.21392,9.35937,7.5553,8.40519,8.57908,9.27936,8.51141,9.01106,8.1548,8.41353,8.37953,7.83313,6.48827,8.52913,8.39037,8.27042,9.6393,9.79009,8.98704,8.00818,8.52526,8.15796,7.54964,8.07919,7.88821,10.11598,8.49864,9.40658,8.9725,8.36848,7.65833,8.63976,7.08951,9.34944,7.68913,9.48266,8.07926,8.71538,8.83106,8.74848,7.48735,6.97341,7.5173,7.82891,8.12744,6.77888,7.02709,8.34897,8.6154,7.78148,6.64933,5.07642,7.73227,7.81141,8.06074,7.61669,6.5158,7.1877,7.20888,7.44198,7.65447,9.71951,6.52625,7.3813,6.37885,7.95014,5.73644,7.71977,7.31907,7.42468,7.16172,7.47432,7.82932,7.86431
"ANGPT1",7.63874,8.62202,7.99841,8.94468,8.76218,7.41573,7.94286,8.52338,9.03811,8.02187,7.97229,9.77598,9.42227,9.46105,10.19964,8.78598,9.23675,7.10959,8.40708,7.2875,8.22453,7.93321,7.53516,8.4653,9.2575,6.12785,7.86235,9.49671,8.7967,6.81715,7.47715,8.40523,7.71669,7.66326,8.14735,7.68451,8.14861,9.34113,9.10753,7.4221,8.42381,8.65337,8.28759,9.47617,9.42059,8.06237,8.67524,7.66068,8.04146,6.73394,8.16006,7.76296,9.67716,8.6043,9.29845,8.67527,8.06355,7.51641,8.77384,7.20598,9.1459,8.89242,9.80411,8.22238,8.55337,8.11087,7.96743,7.75935,7.01937,8.28678,8.01948,7.94105,6.79436,7.31069,8.09222,8.54038,8.54578,6.89833,6.59011,8.26752,7.69281,7.95621,8.69161,7.31981,7.44766,7.66797,7.49822,7.95237,9.1481,6.85339,6.90087,6.08091,6.3148,6.33911,7.98133,7.4129,7.10154,6.98276,7.27104,7.53732,7.4881
"IL7",3.64967,3.84683,3.82171,3.55674,4.36974,2.97377,3.37601,3.83012,4.75841,3.50336,3.3915,5.1399,4.39104,4.38787,4.79395,3.90246,4.77638,2.89534,3.94674,4.11723,3.5558,3.60898,3.24238,4.29663,3.61982,2.66865,3.89594,5.24874,4.08699,3.53259,3.73515,3.76345,3.8617,3.2077,4.11041,3.80226,5.4939,4.69491,4.45868,3.42807,3.62358,3.82941,3.70264,4.65605,4.50067,4.28081,3.69697,4.09634,3.62661,3.13794,4.04105,3.30145,5.42779,4.02434,4.11748,4.25304,3.42006,3.7133,3.66903,3.77775,4.31464,3.97597,4.98479,3.28231,4.0879,4.39308,4.33901,3.45397,3.55523,3.47416,2.95357,4.54724,3.27942,3.40916,3.72325,4.0695,4.20344,3.09879,2.80174,3.23373,3.43515,3.30149,4.0181,2.82847,3.06778,3.41079,3.91259,3.38052,4.28107,3.47826,3.4655,2.49653,3.17054,2.24661,3.68982,3.46173,2.96677,3.03307,3.20443,3.32349,3.36628
"PGF",9.77442,9.42595,8.68473,9.46173,9.17619,8.623,8.97102,7.2153,8.18392,8.93135,8.88096,9.51992,9.19462,10.85357,9.50662,9.49958,8.2025,8.92208,9.00794,9.04636,8.47162,9.69679,8.56417,9.20264,9.09908,9.16062,9.3518,8.97504,8.71414,9.7452,8.97401,9.06731,8.69944,8.56747,9.51352,9.92614,9.2937,9.30389,9.29765,9.61745,7.16066,9.68298,9.16616,10.29558,9.71302,9.20859,9.49503,8.58932,6.91302,8.83143,9.90862,8.44638,9.33693,9.53756,9.36806,9.96228,6.89133,9.3808,10.81799,9.64347,8.97719,9.09215,9.87567,10.39805,7.32148,7.70203,7.60114,8.62048,8.59889,8.44824,8.11472,8.32655,8.23667,8.2686,8.20785,8.17127,7.91832,9.20214,8.54588,7.49289,7.86877,9.70324,9.2395,8.43434,8.81743,9.13957,9.11862,8.57989,8.50855,8.18412,8.40443,7.84897,8.46472,8.3749,8.63879,8.35612,5.98179,5.88381,6.06513,6.18875,6.30307
"IL6",3.97321,2.76313,4.23285,2.95926,3.03583,2.58844,2.37414,8.92323,2.30821,3.05664,3.56609,4.92976,3.86016,4.25208,2.69704,3.29036,2.13826,4.79405,3.2058,7.87122,2.45812,5.00427,2.61996,4.01052,11.29904,4.2694,3.57747,3.16158,2.13446,8.40719,3.1921,4.97803,4.76204,2.21822,4.38744,4.55809,7.35541,3.12817,3.18275,5.73329,14.23137,4.16147,1.14226,1.99334,4.44004,6.45474,1.73008,3.22125,8.79654,3.43939,3.41694,2.2552,2.91219,2.98683,2.39677,2.9061,6.90753,3.25319,2.75148,6.00811,5.42954,5.43337,5.51642,2.21551,14.31879,1.57391,1.37836,2.11354,2.65935,3.0403,2.73365,4.96222,2.13207,1.19859,2.63567,1.10583,1.68501,3.70194,3.76709,1.06894,2.05626,1.8349,1.90287,1.26876,1.40096,1.56736,3.30452,1.05376,1.66769,2.72942,2.62838,1.7162,2.22986,2.73996,3.42779,2.73061,6.12702,7.99546,13.50922,8.07022,13.67511
"ADGRG1",2.51438,2.15576,2.06105,1.63933,2.43711,1.38532,1.97205,1.19721,1.56319,1.39401,2.18338,2.10835,2.23821,2.73376,1.86573,1.63652,1.3679,2.43222,1.44077,1.55362,1.6708,2.20707,2.1485,1.81878,1.64308,2.20354,2.69195,2.18674,1.58836,4.34898,1.63294,2.2097,1.92127,1.90855,2.173,4.37491,2.16879,1.49057,4.18746,1.94049,1.22034,2.18572,2.58387,3.11035,1.43991,2.05217,2.01452,1.86032,1.38196,1.55953,2.60374,1.75086,1.69693,1.79022,1.77716,1.71067,0.93747,4.7634,2.17976,2.3182,3.71386,2.09695,3.46378,1.49769,1.85674,0.21447,-0.01446,0.95815,0.32868,1.19554,0.69931,1.96482,2.54102,0.04477,-0.25132,0.13744,-0.06271,4.25366,3.02835,0.22848,0.21394,0.56372,1.20394,0.30562,0.3021,0.58433,0.33633,1.01914,0.20728,1.05743,1.4214,0.25603,0.37388,0.17155,0.40673,0.3966,-0.46051,-0.58986,-0.4777,-0.34547,-0.37108
"MCP.1",12.43732,12.09023,11.69111,10.83606,11.5853,11.2932,10.52795,14.55565,11.11094,12.52306,11.36947,12.18961,12.74237,12.51679,11.57624,12.34073,11.25161,12.81814,11.99725,12.85955,11.48509,11.77898,11.14629,12.46366,14.33295,12.54887,12.14148,11.45611,11.17502,11.89618,11.80154,10.74349,11.90601,11.98869,11.84435,11.74043,12.18684,11.83956,10.76187,10.5076,14.38134,12.85663,11.8494,11.2932,12.24072,11.62653,10.91295,11.4219,14.63558,12.12674,11.87019,11.15768,11.42072,11.62715,12.11241,12.4279,14.61705,12.10786,11.72797,11.76325,12.09349,11.35537,12.07214,11.77674,14.23845,10.57852,10.49369,10.42672,10.78038,11.19691,11.42209,10.76194,8.62523,9.99004,10.59064,10.55673,10.55227,12.94865,10.90681,10.80699,10.82522,12.20766,11.20831,11.67115,10.96293,10.3817,10.73574,9.92479,10.56749,11.12918,11.12372,10.95166,10.9206,11.64495,11.37833,11.04757,13.65003,13.41499,13.16333,13.62355,13.24618
"CRTAM",7.04259,4.65888,5.91695,5.46652,4.74776,5.11782,5.23077,3.35119,4.54732,5.0365,5.09734,5.92711,4.75614,6.54247,5.77974,4.19905,4.52764,6.34209,4.67924,5.6073,6.23012,5.11257,6.05789,5.21711,5.17151,6.13901,5.19069,5.02101,5.27844,4.28502,4.35529,4.96892,5.96465,4.58027,4.91169,4.73676,6.78457,5.04303,4.04256,5.58633,3.49666,6.54767,5.74216,6.25052,4.68094,6.45527,5.1886,6.14142,3.78827,4.71798,4.87045,4.66632,5.429,5.33896,4.50867,5.01994,3.87334,6.36902,5.57393,5.21742,4.45259,4.76761,5.07152,5.38805,3.62181,3.7074,3.80217,4.96435,3.17589,4.02842,4.16793,4.43302,5.28053,2.26975,2.7042,3.23844,3.52206,5.40421,4.0999,4.11622,4.69639,2.84825,4.82787,3.79213,4.64122,2.89568,3.54196,4.23555,4.56879,3.50856,4.28035,4.28398,4.13609,4.60955,3.72524,3.61918,2.68339,2.6233,2.52873,2.06462,2.12909
"CXCL11",13.27888,11.64355,11.90659,8.93085,12.17399,11.50963,6.91678,12.92084,11.57215,13.33432,11.81728,13.10777,12.0083,13.12205,11.38906,11.51495,11.66779,13.73942,10.42749,11.9319,11.68833,10.93914,11.56198,10.7813,9.35288,13.44424,13.38378,11.12487,12.3378,11.24929,12.20423,7.94812,12.56096,12.54448,11.62857,11.2949,12.2569,10.98008,12.25124,11.42998,11.12676,13.25805,11.69368,12.30164,11.95655,12.91886,12.21828,13.00975,12.91828,11.95689,11.07566,11.47676,13.12634,11.1964,11.47665,12.46693,10.83671,13.6206,10.90544,12.74416,12.04779,11.10157,12.3265,11.82669,10.2162,10.78214,10.68318,9.94803,9.62292,10.45611,10.11597,10.1432,10.51857,10.76588,11.50234,9.73402,9.297,11.01266,11.23066,10.51552,10.82497,11.18674,10.64452,10.26474,9.56453,9.01062,10.25485,11.03708,10.02752,11.81224,12.132,11.28437,9.57354,11.34477,10.66004,9.75403,9.77362,11.93098,9.95655,12.06935,9.15696
"MCP.4",12.7376,13.4262,12.08695,10.2818,13.14146,12.44187,10.9953,10.9697,12.59842,12.77497,13.21805,12.36487,13.73324,12.48862,12.44121,13.71036,12.69415,13.28214,12.54042,13.07458,11.79187,12.28094,12.34186,13.72782,10.7154,12.29328,11.85376,12.72221,13.42915,12.70519,13.03555,11.01631,12.76144,12.99656,13.69833,13.08829,11.23515,12.37559,13.53989,11.90892,11.40537,13.59968,12.58615,11.43641,12.45477,12.49007,11.40817,12.35091,11.29585,11.9974,12.94141,11.53907,13.69338,12.25142,13.56105,13.1072,11.20476,12.13534,12.05881,13.22765,13.42924,12.91232,12.29435,11.94452,10.95641,11.99541,11.8598,11.53214,12.63502,13.2892,13.62402,12.52399,11.80961,12.05155,11.24706,9.32345,9.54319,12.50728,11.51366,11.66492,12.26429,11.73434,11.35252,10.74483,10.29298,11.35362,11.73324,10.50059,11.40491,11.07288,10.90012,12.33995,12.46651,12.94401,12.7404,12.53746,10.3872,10.36583,10.44745,10.08024,10.04718
"TRAIL",8.47271,7.97634,7.97768,8.57032,8.4649,7.77828,8.17185,7.00648,7.97823,8.90279,7.48219,8.83695,7.8352,9.08953,8.20431,7.97253,8.08002,8.40291,7.97381,6.53108,7.89619,8.10636,7.63914,7.49457,8.35905,7.78266,8.69009,7.9154,7.75332,7.64247,8.33562,7.833,7.93386,8.29633,7.79135,7.79223,7.66789,7.89447,8.86513,7.44672,7.14763,8.79591,8.02873,8.77068,8.08903,8.16857,8.74887,8.30098,7.45329,8.13138,7.71012,7.99289,8.35532,7.63682,8.0918,8.79708,6.88865,8.87306,7.96567,7.88555,7.68619,7.99493,7.74156,8.27315,6.80251,7.40233,7.33446,6.7356,7.0654,6.97566,6.59008,6.61004,6.2947,6.99278,7.24886,7.38476,7.10043,9.74985,7.31439,6.81673,7.34501,7.51547,7.12062,7.96929,7.67534,6.50384,6.89103,7.5316,7.03055,7.26849,7.657,7.31235,7.03506,6.59408,7.06421,7.14739,5.94476,6.4457,6.0418,6.05423,5.71077
"FGF2",2.75368,0.88461,0.4938,1.15591,1.58446,0.26104,0.11128,0.94687,1.1799,0.61007,0.31768,1.39344,1.71359,1.76609,1.68509,1.18488,1.11012,0.99924,0.51584,0.70919,0.3885,1.01377,0.52192,0.8456,1.13548,0.70663,0.33018,0.77016,0.38844,0.55451,0.64031,0.4126,0.9036,0.61282,0.71887,0.99423,0.74774,0.15651,0.50984,0.72458,0.20595,0.80081,0.61108,5.18877,0.50558,0.74264,0.84466,0.63725,0.23158,1.68376,1.41084,0.51139,0.65862,0.67821,0.66939,0.61419,0.12586,1.11426,1.0457,1.16904,1.27464,1.10577,0.52047,0.57838,0.92568,-0.18805,-0.1624,-1.16341,0.42027,-0.05528,0.08322,-0.32611,-0.30562,0.45738,-0.86135,-0.96638,-0.81935,-0.13626,-0.41948,-1.2654,-1.10492,0.04054,-0.74949,-1.08425,-0.80644,-0.33335,-0.35442,-0.8961,0.48644,-0.54845,-0.6441,-1.15963,-0.37583,-0.63979,0.47014,-0.73207,-0.81014,-1.19309,-1.27318,-0.53455,-1.00334
"CXCL9",11.32378,8.22258,7.8152,9.69772,7.12582,8.14438,8.32229,6.43947,6.54246,9.46399,7.47899,11.50362,7.9502,12.23802,8.83777,8.19951,6.64164,9.24136,7.74037,7.71465,7.64241,8.99219,8.33499,8.18282,9.49686,10.09963,9.39818,7.53724,8.17253,8.12724,8.09083,8.00605,8.98444,7.62764,7.58162,8.93606,7.18961,7.89824,7.72749,7.56914,6.02122,9.03043,8.46268,10.19168,8.99967,8.75852,11.43236,8.06648,6.30874,8.73721,8.74569,6.57398,9.47121,8.65843,7.74226,9.07973,6.2906,10.91335,7.62453,9.11824,8.84662,8.17026,8.37199,7.70303,6.99015,6.02278,5.99324,6.92968,8.19253,6.76881,6.15189,7.36418,7.43155,7.42333,7.35887,7.07005,6.45733,8.12952,7.4429,6.66886,7.27696,7.96373,7.86037,6.74581,6.68053,6.7741,8.03165,10.17573,7.82704,7.4935,8.38709,6.84845,7.90276,6.8839,7.31113,6.73923,5.48976,5.45198,5.1065,5.48992,6.11455
"CD8A",9.68669,8.92109,9.45386,8.08029,9.39661,7.50488,8.77974,7.11293,9.38445,10.04084,9.99522,9.23835,8.49565,10.98276,6.99059,8.82799,9.55425,12.05803,7.52995,9.77012,10.6103,10.32505,9.52238,7.28404,7.77417,9.42067,10.15175,8.54469,9.81706,9.8721,9.84973,9.19741,8.354,9.91474,7.94666,9.15072,11.95999,7.79775,8.90175,11.21146,7.77852,11.6521,9.94368,12.15108,8.00704,12.06404,10.83484,10.17162,7.59329,8.46796,8.49278,8.85806,11.34948,8.20627,8.69135,9.36836,7.61619,11.44175,8.85382,9.38329,6.25142,9.2159,8.36536,8.6227,7.50106,8.62205,8.63024,8.20943,5.71535,7.26459,7.05915,7.28756,5.53823,7.2086,8.21035,7.87032,6.98789,11.14947,9.73664,7.6807,7.58093,8.15821,9.62735,8.08619,7.77942,6.7265,7.68971,9.42628,5.0639,8.10663,8.84748,9.03689,7.52242,8.19013,6.15024,6.26769,6.34537,6.47539,6.41244,6.0445,6.3314
"CAIX",4.93505,4.28524,3.88856,4.91153,4.93825,4.17325,3.71075,2.39953,4.13419,3.89601,4.44279,4.41152,5.72531,5.48388,4.23123,4.71191,4.18879,5.2038,4.0037,4.4858,3.39147,5.10907,4.90753,4.16266,4.81348,4.56996,5.53163,3.77551,3.72828,5.22861,4.30492,4.3004,4.8133,4.24154,5.34999,4.7671,3.52183,4.22846,3.55258,4.0952,2.93528,5.11967,5.0814,3.17512,4.05856,3.81394,4.00052,3.82257,2.97488,5.44087,4.33429,4.30649,4.55998,4.4255,4.34061,4.40582,2.9112,4.57748,5.618,5.1886,3.38443,3.97651,4.14687,5.32898,2.58502,3.52333,3.62216,3.53684,3.07888,3.55764,3.62749,2.27325,2.38892,2.68299,2.79038,2.00284,2.34068,5.32674,3.76733,3.28274,3.42741,4.59025,4.45735,3.6436,3.36426,3.27861,3.67703,2.78969,3.19447,3.98252,4.70824,2.90217,3.17362,3.81371,3.51253,3.56288,1.81794,1.75602,1.84925,1.27441,1.14461
"MUC.16",3.01997,2.85508,2.79021,1.33841,3.97652,1.83366,1.58659,1.80137,2.6401,1.93534,1.31589,3.38773,3.18478,3.50151,2.27134,6.36895,2.86349,3.29874,2.85429,5.37848,3.04305,2.48246,2.85995,3.05926,0.89243,2.08707,3.53645,5.2338,2.00762,2.19253,2.38363,1.56769,2.5141,1.83622,5.75234,2.47712,4.10747,3.57914,2.93012,4.6387,1.59695,3.30075,4.43435,2.62978,1.29855,3.00807,2.61084,2.21651,1.57907,1.5523,3.53878,2.30143,2.89903,1.73887,3.55005,2.5675,1.54733,3.36008,2.15279,3.48287,2.7214,7.27893,6.87547,1.94392,2.10588,0.80463,1.1664,0.81118,0.76095,0.20691,-0.04712,1.36581,0.95779,1.22201,1.99461,-0.03636,-0.03534,0.86317,1.14593,0.26041,0.23894,0.55589,0.77086,0.26,1.38715,0.4635,0.47381,0.68197,0.97381,1.11788,1.77554,0.27156,1.06253,-0.08658,5.38774,1.83175,0.42254,0.45332,0.22129,0.59142,0.40927
"ADA",10.47585,7.81197,7.58654,9.49174,8.48686,7.28351,8.25829,6.10148,6.01115,9.95035,6.57328,9.57024,8.84828,9.43698,10.47143,8.40235,6.07354,8.22419,8.64761,8.8168,7.97002,8.2134,7.49387,9.3713,9.32776,8.05232,8.58121,8.82634,6.74505,7.16079,7.47293,8.52817,6.84769,7.29373,8.5393,7.33969,8.74129,8.54977,10.27658,8.99574,5.26528,8.54924,8.58827,10.89361,10.20925,7.39012,10.11372,7.28618,5.20414,8.69423,9.76446,8.41386,8.73234,9.3279,8.50636,9.04107,5.12261,9.00452,8.63174,8.45965,11.36825,8.30239,8.93292,8.69651,6.22214,5.448,5.41837,8.13874,8.39397,5.8395,7.40222,8.74813,9.19463,7.68399,8.31598,7.56135,8.05618,6.51682,6.09703,7.15295,7.7446,8.87287,6.95634,7.8267,8.022,7.85747,8.03147,9.09432,9.41144,7.17834,7.64205,6.57003,8.9412,7.98342,8.42685,8.38111,4.42851,4.50813,4.42785,5.15727,5.26603
"CD4",7.32078,5.26033,6.77583,5.81733,5.54762,4.17626,4.64789,3.1083,3.81845,5.9987,3.74903,6.70205,4.59985,6.32075,7.48111,5.57316,3.79441,5.65992,5.67807,4.43435,4.38242,5.16043,4.70227,5.57014,5.15764,5.17199,5.73185,5.96567,4.12136,5.00488,4.33998,4.21131,5.09348,4.67512,5.07703,4.99719,4.59986,5.26566,3.53693,5.76753,3.01303,5.68178,4.73898,6.531,5.70431,4.26718,5.5124,4.43705,2.50704,5.40864,5.84879,4.07342,4.1837,5.47665,5.03302,5.74695,2.67212,4.61066,5.12809,4.23271,5.27494,5.1653,6.30207,4.93139,3.222,2.93758,2.9328,4.20949,5.54674,3.36305,3.50963,3.74735,4.78436,4.98102,3.45995,3.38776,4.55097,5.25174,2.99267,3.46207,4.30378,4.98703,4.10365,5.07116,4.40068,5.03687,5.94969,4.6677,6.13958,3.87846,4.14302,3.76239,5.36959,5.26051,5.78071,4.77338,1.56503,1.65741,1.71214,2.11854,2.31339
"NOS3",5.68901,4.79961,3.31112,5.91455,4.98004,2.96426,5.12183,1.54184,2.44116,5.63117,2.2014,6.96484,5.02482,7.10934,6.10958,5.85167,2.5406,5.89316,4.64637,4.55733,3.9844,5.35876,3.84496,5.42133,4.42604,5.25221,6.19655,4.33885,1.80873,4.07795,4.245,4.3924,3.72196,3.75439,5.21637,4.65968,3.06653,4.29249,5.14366,7.10622,1.3794,5.56267,4.3243,5.79891,5.48659,2.84067,5.95637,3.36907,1.41191,6.3945,6.34273,3.22485,5.16907,5.02068,4.20293,5.79684,1.09437,5.27128,5.48638,3.98621,5.91771,4.70732,2.93623,5.82458,2.21249,1.35565,0.59472,1.48098,4.63834,1.54336,2.62621,3.84367,3.02917,5.10685,3.09405,2.89792,4.62747,4.31174,1.27729,3.02526,4.02693,4.08434,3.65534,4.38111,5.20365,6.29899,5.95941,4.58877,4.44232,4.28222,4.90426,2.90095,5.18467,5.22618,3.70037,3.68586,-0.173,0.4411,0.34524,0.47644,0.11875
"IL2",1.44006,1.07762,0.9236,0.55178,1.24861,0.83097,1.06395,1.31863,1.35044,1.003,0.92863,0.86485,0.69798,1.1289,1.11585,0.81311,1.26923,0.84913,1.05959,1.24846,0.90367,1.01317,0.11095,1.04142,0.27583,0.5036,0.88019,1.58968,1.3115,0.98291,1.1716,1.07502,0.99436,1.18049,1.98983,1.50214,1.37334,1.23774,0.24124,1.09124,1.25514,-0.01637,0.53641,1.57489,0.77071,1.60149,0.61312,1.42382,1.04195,0.93333,0.63634,0.95921,1.40373,1.34932,0.82005,1.09655,2.68491,1.87076,1.07326,0.50917,0.66614,0.84184,0.75308,0.63211,2.10818,0.38466,0.03713,-0.64102,-0.3955,-0.26695,-0.55002,0.08946,0.6365,-0.15711,-0.38751,0.14694,0.23934,-0.20602,0.21019,-0.34191,0.10687,0.00262,0.25725,-1.02364,-0.20936,0.44364,0.68068,0.2696,0.16779,-0.12489,-0.09167,-0.24548,0.68465,0.41476,0.25206,-0.44985,1.15872,0.34231,-0.14359,0.33252,0.81076
"Gal.9",9.86149,10.11889,9.64831,10.42469,10.26754,9.36776,9.7371,7.56135,7.73746,10.4091,9.20362,10.37841,9.95601,10.2355,10.26196,10.04535,7.82193,9.65831,10.13629,10.08173,9.28169,9.89888,9.25987,10.53115,10.44173,10.12932,10.36501,10.07624,8.73548,9.67489,9.71808,10.09109,9.23346,9.0451,10.35705,9.78785,9.60414,10.19143,10.14864,10.5579,7.59175,10.12392,9.97832,10.11142,10.29702,9.10073,10.36177,9.75388,7.27645,10.17125,10.2561,9.81158,10.08331,10.17827,10.25003,10.47951,7.23561,10.61082,9.9771,9.76609,10.4462,9.77637,10.15458,10.0832,7.82091,7.57976,7.52363,8.54232,9.76899,8.36824,9.18858,9.46783,9.61156,9.73898,9.42279,9.12703,9.45063,9.22044,8.62403,8.77528,9.35569,9.72655,9.25255,9.74052,9.74395,9.64878,9.55549,9.69566,9.36692,9.32105,9.54967,8.7463,9.85892,9.85623,9.54935,9.67331,6.67208,6.76273,6.87929,7.13763,7.18902
"VEGFR.2",8.91942,8.15369,8.34576,8.45036,9.21634,8.45859,8.22841,7.40338,8.45831,9.22464,8.79297,8.86431,8.42738,9.14523,9.07642,8.66653,8.56687,8.12614,8.99102,8.09703,8.88491,8.23207,8.14489,8.93603,8.58265,8.84369,8.84637,9.29201,8.96675,8.20907,9.1249,8.53194,8.28144,8.93414,8.4297,8.51797,9.08955,8.80812,8.64093,8.87124,7.68956,8.50814,8.18372,9.12291,8.75076,9.00023,9.01551,8.87488,7.5314,8.20352,8.63502,9.06558,8.64725,8.66579,8.32002,8.82296,7.53912,8.26776,8.19676,8.32088,8.05428,8.53026,9.03101,8.08361,7.50861,7.54345,7.55068,7.63154,7.6624,7.30461,7.0218,7.57768,7.59142,7.51046,8.02963,7.73716,7.70238,7.14623,7.47498,7.62343,7.71341,7.43298,7.52805,7.69408,7.89808,7.61378,7.73329,7.87336,7.94513,7.62178,7.69052,7.7133,7.84995,7.6091,7.79418,8.11201,6.45843,6.50019,6.46512,6.22899,6.24304
"CD40",12.16247,11.55284,10.47681,11.04833,11.21647,10.71994,10.8397,9.93473,11.1512,11.63549,10.48871,11.71436,10.93714,12.68977,11.64174,11.30108,11.40109,12.26271,11.20506,11.52918,10.219,11.44479,10.15043,10.85803,11.20112,10.77582,11.53716,11.3527,10.65672,10.93074,11.1685,10.8767,10.94581,10.58184,11.22228,11.03234,10.87468,10.83537,10.32904,11.21207,9.75276,11.75294,11.34487,13.3347,11.48523,10.90211,11.6931,10.50866,9.38149,11.18998,11.15646,10.29627,11.35129,10.62262,11.18239,11.35802,9.53912,11.83725,11.59183,11.13686,11.34229,10.84511,11.56308,11.28211,9.98836,9.78728,9.75674,10.02886,9.97984,9.27547,9.2562,9.43714,9.50074,9.85189,9.86351,9.76294,9.51325,10.92719,10.08786,8.91247,9.57152,11.18443,10.58886,9.91187,9.70534,10.48179,10.61568,10.41729,10.39398,9.81989,9.95127,9.53008,9.82197,9.67318,10.64661,9.82646,8.81643,9.1007,9.13638,9.70546,9.44635
"IL18",11.08229,9.83141,9.91044,11.84264,10.26636,10.0103,10.02224,7.99829,9.06414,12.14015,11.42479,12.21288,10.54215,12.87227,11.40038,10.68135,9.15495,9.65392,10.35107,14.28409,9.68198,10.42851,9.66045,10.70459,11.35518,10.14074,11.02542,9.91586,9.12354,10.64941,9.90939,11.0062,10.26082,10.16464,11.61078,10.39248,10.80435,10.89942,10.78806,11.2859,8.44669,10.64331,9.67362,10.80385,10.42619,10.44094,10.54431,9.49936,8.11691,10.0689,11.05395,10.38061,10.79271,10.74478,10.50332,10.85077,8.04722,9.72131,10.49548,10.87277,11.7694,10.3153,11.24426,10.92662,8.30092,8.4547,8.43587,9.03848,10.83665,8.25924,9.37803,10.2374,10.175,9.924,9.94677,8.18886,9.46513,10.76332,10.55216,9.04919,9.85171,10.39371,9.42121,9.46788,11.12196,11.54481,11.2275,9.64321,10.60571,9.21712,10.26341,10.64203,10.10649,11.71056,10.48291,10.83537,7.16907,7.19118,7.44826,7.01802,7.37741
"GZMH",11.89391,5.71613,5.17367,9.75103,8.28327,6.46461,7.80822,5.71309,8.0961,10.08333,4.59816,8.69312,5.18544,9.13618,11.76023,3.92108,8.19013,9.86499,9.34528,5.94729,7.30331,7.24527,7.26537,9.49836,11.09334,7.96099,8.68751,6.75537,6.25386,3.50987,4.86894,8.43913,7.00875,6.72163,6.35917,5.39062,9.08126,7.79898,6.58811,6.76055,4.67556,8.58325,8.15463,11.79399,10.11442,6.84482,8.54239,8.19527,4.32556,8.80381,7.88933,6.85982,9.08664,10.94014,5.92305,8.62532,4.11415,9.53769,7.93687,6.20042,9.16896,5.34556,6.10108,5.83629,5.65422,7.09386,6.92217,5.87744,3.93413,4.21731,5.08496,7.89539,9.63366,6.76455,4.62265,8.27521,5.59946,8.19164,5.06898,4.42345,6.99768,9.46883,7.15677,7.29262,7.16289,4.96615,6.09582,7.42984,10.80293,6.38202,6.87184,5.68903,9.63036,5.26414,4.52669,3.98772,3.25519,3.77183,3.67467,4.97453,5.01976
"KIR3DL1",0.12752,2.61033,1.65558,0.72186,2.3686,2.2568,3.06538,0.88137,1.70818,0.32032,2.54771,2.26322,2.32413,3.89273,1.26932,0.58506,1.68032,0.56458,2.4994,0.79223,0.81542,4.10844,0.77751,1.88415,0.52368,-0.0207,1.49645,3.35651,1.54985,2.82463,3.31802,1.08668,0.64005,0.17229,1.91182,3.59559,1.48965,2.31362,0.75571,2.64988,0.82881,0.27659,1.71998,2.34281,2.02499,1.65791,2.73475,1.38994,0.51726,0.44603,2.62577,2.17179,2.71778,1.01671,1.4174,1.22248,0.86378,4.74278,1.64673,1.20291,2.13467,2.26253,1.41262,0.85489,1.68225,0.29026,0.20778,1.94203,0.54127,2.02732,-0.84988,-0.16118,-0.32227,0.50924,-0.53708,0.98476,-0.01567,1.57654,-0.1001,-0.14182,-1.13614,-1.40126,-1.0295,-1.68697,-0.80115,-0.04923,0.30723,0.83247,-0.56689,-0.58716,-0.08504,-1.19193,-0.73834,1.03583,-0.59116,-0.04701,-1.21749,-1.36369,-0.67032,-1.01942,-0.46044
"LAP.TGF.beta.1",11.54658,9.33455,8.55675,9.69042,9.00076,8.05887,9.2131,9.01236,8.92851,9.38158,8.62097,10.48829,9.64888,10.58841,10.83114,9.4733,9.06849,10.55583,9.26517,9.0579,8.90534,9.3388,8.61821,9.20274,9.53052,8.95545,9.85908,10.50667,9.82888,8.98729,8.93521,9.11116,8.72524,8.78131,8.85895,8.80489,9.61953,9.32331,9.62162,9.18773,8.63036,10.41053,9.49395,12.84194,10.02807,9.46492,10.09266,8.58269,8.2401,8.70215,10.36598,8.20982,9.65556,9.15572,9.18815,9.16673,8.2743,9.74601,9.63792,8.80681,9.55851,9.42884,10.36459,9.08331,8.89926,8.32431,8.32955,8.68958,8.18802,8.07699,7.9913,8.53992,8.36097,8.53572,8.39183,8.13663,8.35678,10.52323,8.25546,8.18658,8.18718,9.00103,8.70036,8.08165,8.25237,8.9916,9.09947,9.33158,10.34638,8.92803,9.21316,7.7931,8.31189,8.27271,9.10697,8.35672,8.11695,8.09166,8.31907,8.71354,8.8604
"CXCL1",10.28667,9.95204,8.0471,9.89881,10.11614,9.04907,9.20907,9.24086,10.0552,10.99925,9.58159,9.46625,10.94573,10.46041,10.27768,9.83644,10.19085,10.42083,10.22701,13.21777,9.10768,9.73325,8.25412,10.12534,10.0872,8.86162,9.65858,10.54579,10.43509,10.88175,9.30838,9.63701,10.10337,9.78564,10.20839,10.17549,10.6859,10.03199,9.89405,7.58334,13.94289,10.09873,9.34183,9.74599,10.25741,10.80481,9.33971,10.33916,8.87799,8.75517,9.54702,8.56966,10.59246,9.15982,9.20968,9.26188,10.1539,10.74725,9.52647,9.66062,10.01715,9.50934,10.76953,10.49085,13.8716,9.51206,9.44242,8.78127,8.65729,8.99138,9.0787,9.5599,8.83575,9.17189,9.06421,9.11866,9.31274,9.24849,9.01072,8.98069,9.60209,9.43143,8.76141,8.58717,7.67381,8.5545,9.31007,8.57618,9.64548,8.98939,8.91216,9.13289,8.32343,8.9331,9.05755,9.28421,9.41681,8.18044,12.86235,8.55107,12.92328
"TNFSF14",8.28318,4.56001,5.24502,6.43799,5.95259,4.60423,5.99923,6.94502,5.02365,7.90884,5.42272,7.00103,5.28498,6.89128,7.7171,5.25334,5.20998,5.07114,6.32825,6.53877,5.39239,4.6582,4.89141,7.12454,8.32615,5.25761,6.01788,5.79765,5.0347,4.62827,4.6353,6.43064,4.83823,4.55769,6.24107,5.51659,5.59971,6.01775,5.71786,7.94991,7.09384,6.23636,5.72274,7.33599,7.81852,5.22937,5.86868,5.39513,5.88695,5.37955,6.46547,5.31758,6.19207,6.79573,5.32362,6.11723,5.90072,5.26671,5.52629,5.05372,6.61476,5.63173,5.74119,7.73476,7.88662,4.78543,4.87839,4.92671,6.0856,4.80248,5.57751,5.0731,5.41326,6.19929,7.15462,5.97787,7.10172,4.47263,3.90975,4.98604,5.52657,5.71847,5.1459,5.29538,5.85903,6.93331,6.76619,5.55825,7.66663,4.81099,5.35447,4.26339,6.32353,6.6041,6.20004,6.89416,5.51577,5.55495,6.57874,6.56856,7.32565
"IL33",3.3912,1.47233,1.52151,1.75555,1.41017,1.08555,1.22667,0.7558,0.87971,1.1613,0.59049,3.01615,1.58,1.86289,3.1547,1.01964,0.73755,1.17603,1.74007,0.94906,0.86299,0.83485,0.47542,2.75584,1.91054,0.98294,1.89274,1.60288,0.71227,0.60534,0.49949,0.76896,1.44055,0.89493,1.8325,1.431,0.99449,1.26402,0.69387,0.86369,0.8205,1.58389,1.18057,0.92578,2.08941,1.04742,0.95814,1.32328,0.4057,2.62825,2.56059,0.98802,1.23852,1.57497,1.02394,1.20488,0.65366,1.30094,1.54561,0.92418,1.77142,1.20748,1.10006,1.35208,1.70051,-1.22441,-0.8834,-0.71969,0.53929,-0.86001,-0.98394,-0.25023,0.51815,0.03568,-1.05303,-0.62296,0.31807,-0.26609,-0.93943,-0.6315,-0.51045,1.52064,-0.56815,-0.3334,-0.73718,-0.17392,0.62102,-0.67484,1.66692,-0.39841,0.45166,-0.75672,0.59439,-0.2164,0.17649,0.00618,-0.76319,-0.70583,-0.70962,-0.50648,-0.73792
"TWEAK",9.27355,8.6789,8.96517,9.38419,9.41035,8.1406,8.85023,7.44645,8.35745,8.93644,8.10466,10.00535,9.27576,10.01721,9.76857,9.43299,8.55265,8.13627,9.02453,7.99837,8.66499,9.05051,8.73525,8.58559,9.40975,8.3947,8.73167,8.45363,8.67282,8.2426,8.45773,8.35051,8.44488,8.38467,8.93128,8.94246,8.17338,9.15294,8.26692,10.08959,7.5491,8.53159,9.1484,9.51766,9.91882,8.1107,9.79009,8.66692,7.39685,8.82102,9.19081,8.43202,8.84195,9.44216,8.73001,9.34279,7.25945,8.61999,8.86058,9.13585,8.84929,8.89558,8.39855,8.44546,7.51094,7.98354,7.92994,8.12398,9.13443,8.06865,8.01343,7.72041,7.78307,8.77137,8.4043,8.35519,8.28185,7.65748,7.7677,7.85287,7.90231,8.96905,8.29321,8.04287,7.80589,8.71246,8.68185,8.83773,8.86776,7.83457,8.0462,7.59146,8.15588,8.18357,8.86057,8.2806,6.58425,6.52835,6.75274,6.53066,6.76019
"PDGF.subunit.B",9.97406,10.7341,10.23426,10.99638,11.21195,9.51789,9.42766,11.13899,10.94708,10.09105,9.61829,11.31312,10.94791,10.98746,11.60986,10.74176,11.12026,9.31796,10.35371,8.13663,9.95688,9.66019,9.15594,10.9943,11.14911,7.66061,9.40182,11.45423,10.57197,8.88045,9.37209,9.78054,10.22893,9.70775,10.08902,9.83934,9.85324,11.00847,10.85493,9.39829,10.44104,10.7743,10.39434,11.37157,11.28165,9.64085,10.63569,10.18846,10.10696,8.94653,10.21535,9.69111,11.08308,10.534,10.61096,10.84721,10.04853,9.65692,10.65434,9.29536,10.71714,10.56511,11.1446,10.25021,11.13685,10.15838,9.98923,9.70381,8.76518,9.8282,9.26636,9.53333,8.9617,9.30735,9.69177,10.26895,10.15204,9.10992,8.36944,9.84623,9.74276,10.10993,10.08288,8.93646,9.22003,9.73818,9.7731,9.71459,10.52474,8.57355,8.61594,7.93309,9.50226,8.16358,10.03285,9.19281,9.35904,9.38195,9.58833,10.3982,10.37072
"PDCD1",7.29663,5.34687,4.88183,5.63107,5.08677,5.02958,4.80202,3.72246,4.7514,6.11058,4.87566,5.22978,6.22516,7.24528,5.6009,4.70765,4.88089,5.0587,4.85429,5.11236,4.92274,5.47178,4.8127,4.85696,5.09514,5.53117,5.39564,4.69485,4.7639,4.87585,5.67016,5.10362,5.31918,5.55335,4.48668,5.43607,5.38384,4.63812,5.19424,5.63719,4.05673,5.58336,5.37734,6.3192,5.24538,5.96448,6.61131,4.62648,3.95388,4.82109,4.58908,4.84991,6.82207,5.62705,4.81152,5.63955,3.94068,7.1154,5.83305,5.94598,5.3975,4.51806,5.10036,5.79097,3.93972,5.04325,4.75431,5.1824,4.41824,4.40675,4.42226,4.18617,4.87498,4.30796,4.10453,4.72175,3.81519,4.70892,4.50692,4.49772,5.13258,4.76988,4.8666,4.34668,4.83976,4.37036,4.54957,5.68421,4.88684,3.71486,4.78568,4.76346,4.37935,4.74309,4.26575,4.11202,3.30277,3.45515,3.33217,2.92149,3.04142
"FASLG",8.14276,6.892,6.80625,7.57388,7.74222,6.77552,7.42664,7.13746,7.28198,7.21842,7.15644,7.58953,7.82292,8.1862,7.55183,6.42028,7.43975,7.41669,6.96066,5.31987,7.22294,7.554,6.79164,6.58191,7.22181,7.23336,7.03713,6.54563,7.72876,6.14025,7.53534,7.47847,7.5589,7.7042,6.78879,7.70259,7.36855,6.26158,5.70166,6.73531,6.55086,7.20353,7.4997,8.33255,8.0844,7.38302,8.94213,7.73198,6.65883,7.74216,6.57335,7.37152,6.61473,7.01238,6.09851,7.81717,6.34487,8.95816,6.85892,6.81733,7.21919,7.02726,5.0259,6.21078,7.00629,6.85772,6.87983,6.72165,4.97247,6.1435,5.43317,5.6589,5.73536,7.2853,5.80632,6.56298,5.18667,6.54603,6.37719,7.18607,6.71131,6.73557,6.09521,6.03863,5.74008,4.8158,5.13415,7.77332,6.64043,5.83048,6.19206,6.31122,5.75359,6.00987,5.73729,4.95036,5.41298,5.63755,5.61493,6.06448,6.09306
"CD28",1.92559,0.57523,0.77889,1.23732,0.91665,0.97217,0.78864,0.62584,0.6161,1.43286,0.49294,1.24537,1.05725,1.86696,1.12527,0.90328,0.74517,1.85452,0.95979,0.96069,0.73287,0.98331,0.87989,0.65431,0.9943,1.68911,1.28657,0.78928,0.73655,0.6007,0.77761,1.05489,1.07425,0.77555,2.24857,1.22909,2.28208,0.77229,0.51524,1.16078,0.69447,1.77481,0.80476,5.68747,1.00227,2.10055,1.45215,0.91263,0.55865,1.03962,0.7001,0.79383,1.55932,0.91053,0.60956,0.9551,0.40226,1.9082,1.20377,0.97129,0.8456,0.79979,0.76896,0.71691,0.77215,-0.17132,-0.40461,0.40435,1.55716,-0.48229,-0.56896,0.3232,0.8529,0.07883,0.8041,-0.41559,0.01152,-0.01112,-0.50835,-0.35528,0.37423,0.02902,0.19162,-0.40828,-0.34247,0.28964,0.68344,0.19609,0.08784,0.15415,0.44858,-0.0018,-0.43628,-0.00712,0.33256,0.77499,-0.85402,-0.54427,-0.45092,-0.48853,-0.60735
"CCL19",11.71829,15.23884,10.27751,11.21067,10.37673,11.64749,10.91519,11.72869,10.88194,11.32895,10.20264,11.54882,11.4818,12.43405,9.65924,10.54827,11.02681,12.51297,10.9621,11.95836,10.68547,11.28515,10.93249,9.74364,10.87142,10.44312,11.94042,9.39326,10.88059,11.49852,10.58349,11.22652,10.23293,10.91666,10.41995,12.29618,11.4216,10.57811,8.71217,11.58244,11.32416,12.03747,10.86763,12.30824,11.36916,11.62314,11.63548,11.77385,9.51408,10.0271,11.62585,11.41479,10.73107,11.70971,13.53598,10.60059,9.2355,12.13055,10.99287,12.38666,9.47238,10.54681,11.08978,8.91588,12.65258,10.16595,10.19405,10.48179,9.34775,9.45568,9.78881,8.96708,8.28533,9.93372,10.49082,10.3264,9.14455,12.11521,10.01198,9.52739,11.89224,9.6493,9.85502,9.68452,8.80654,8.49445,9.51322,10.33794,7.91924,10.32055,10.82974,9.27703,8.76385,9.18347,9.07118,9.26205,7.77107,8.10888,9.38126,10.42739,11.2465
"MCP.2",9.24788,9.29695,7.31718,9.26321,9.3973,8.32739,9.12802,15.18126,8.86111,10.46692,8.97094,9.86467,8.37911,9.92163,9.9577,9.88023,9.01968,9.31872,8.91554,9.35167,8.32842,9.23163,8.5708,9.66193,11.36003,8.38589,9.46235,8.84922,9.51327,9.37785,9.64392,9.25844,8.49477,8.98492,9.8489,9.1339,7.99496,8.71328,8.67564,8.26675,14.03661,8.99664,8.87405,9.26935,9.28468,8.83337,9.44175,10.29743,15.06484,8.66315,9.32858,8.1053,9.41538,8.90286,9.04008,10.01427,9.45255,8.62841,8.62819,7.92692,9.20095,8.86921,9.09105,8.39313,14.07304,8.37585,8.43944,7.29722,9.34133,7.67198,8.00126,8.65877,7.54757,8.68781,7.93556,7.90278,7.57978,9.19579,8.09965,7.78399,8.12793,9.18947,8.37168,7.95626,7.93434,7.54087,7.93438,8.50738,8.98493,8.72084,8.70735,8.25207,8.76771,8.70295,9.14127,8.86207,8.65983,14.04713,13.0457,14.19402,13.22914
"CCL4",8.18,6.58031,7.87944,8.44221,7.38764,7.70036,7.1503,11.73173,6.37818,7.49603,6.26313,11.11599,8.06072,9.15863,8.83987,8.11443,6.55136,10.16513,6.50135,8.08629,6.54654,7.20798,7.06431,9.24008,10.28362,7.72381,7.97153,7.39311,7.92888,8.21543,8.85033,7.51087,7.34523,6.74976,7.88985,7.88742,7.91782,7.46431,7.87511,7.08971,14.37943,9.12597,6.93267,7.92545,8.68684,8.0772,8.24632,7.48789,12.44197,7.52848,7.18934,6.29296,6.6424,8.73851,6.95039,8.32662,11.80833,7.49316,6.61546,6.86649,7.35334,7.26645,8.35975,7.81381,13.69028,5.79968,5.92735,6.18973,7.17395,6.02248,6.69591,7.20979,6.16302,7.19798,6.76615,6.68029,6.43958,8.87943,6.39228,6.92354,7.58157,6.26429,6.80454,5.96234,7.20238,7.43112,7.73515,7.09448,7.77725,6.56233,7.14004,5.94652,6.93848,6.85107,7.99895,7.36512,11.01949,11.51295,13.19764,10.84292,12.91506
"IL15",6.04353,5.2008,5.65658,5.62254,5.09898,5.74367,5.82612,4.28716,5.22444,7.24282,5.56001,6.09605,5.87162,6.93837,6.5028,7.70745,5.62659,5.9038,5.43664,7.11159,5.71856,5.45454,5.45725,6.04791,6.43901,5.69289,6.63725,5.39138,5.81718,7.23072,5.58597,6.24386,6.17457,5.45939,6.2058,5.501,6.22137,6.74245,6.76178,6.57018,4.19796,5.67789,5.33218,5.88353,6.29787,6.71326,7.25185,6.11449,4.46226,5.84582,6.43518,5.52307,5.69102,6.27427,6.43787,5.30564,3.96812,6.62661,5.87758,6.35475,6.4283,5.60159,7.35595,6.76353,4.29432,4.76198,4.73615,4.54658,5.85761,4.49014,6.27667,4.68005,4.64099,4.90914,7.09035,4.74668,5.72435,5.08497,5.58086,4.27549,5.25116,5.39157,5.42309,4.65665,5.31662,6.47738,6.42895,5.93082,5.35144,5.58525,5.77553,5.15278,4.54615,5.60392,6.85301,6.62377,3.00777,3.24916,2.99444,2.85384,3.08677
"Gal.1",7.97747,7.99511,7.70687,7.69852,8.12024,7.96413,7.61754,6.34809,6.85708,8.27712,7.34265,7.581,7.58846,7.86158,7.57022,7.85703,7.01092,7.80297,8.00139,8.10935,7.97573,7.90509,7.94016,7.92721,7.53564,8.04493,8.12299,8.07615,7.96487,7.94742,8.03387,8.17509,8.14413,8.06953,7.99585,8.18493,7.88867,8.07121,8.07775,7.52854,6.83162,7.99368,7.96532,7.8352,7.74424,7.86478,7.78375,8.14404,6.33497,7.84731,7.63051,7.90931,8.06571,7.6255,7.9016,7.85328,6.31034,8.25254,7.81774,7.49754,7.79494,7.94749,8.0635,7.75459,6.75543,6.23782,6.26837,6.9668,6.43539,7.16075,7.18024,7.18216,7.04438,6.90459,7.01916,7.15121,6.93402,6.91753,6.87571,7.08572,7.23274,6.71198,7.08234,6.93991,7.01478,6.92503,7.07711,6.80641,6.46032,6.90222,7.08878,7.15584,7.00834,6.98057,6.83562,6.97283,5.34083,5.40887,5.67611,5.34704,5.62998
"PD.L1",6.80056,6.30791,6.01945,6.25481,6.65168,5.69234,5.82521,5.41419,6.18113,6.7958,6.82304,11.04533,6.02607,8.52817,6.37226,6.25105,6.31033,10.16364,7.41331,6.753,5.1721,7.53854,5.71936,6.3521,6.34477,6.18833,6.95807,7.76836,6.10167,6.70448,6.37021,6.09116,6.60981,5.82601,6.48703,7.15927,7.54038,6.43468,6.48771,6.42945,5.64083,9.88492,8.23898,6.65635,6.22334,7.41526,7.1885,6.3522,5.12645,6.19118,7.87192,6.37055,6.9469,5.70553,5.97437,6.39153,4.88515,7.89251,7.37063,6.29349,6.16393,6.47125,9.20278,6.78606,6.0738,5.6322,5.58104,9.07582,5.88499,5.51182,4.88485,6.83678,5.91577,5.33199,5.59842,5.50155,5.04746,9.88448,6.07758,5.13618,5.35721,8.30087,6.14007,5.98706,5.92929,6.12519,6.21045,6.2937,5.48766,5.97675,6.18391,5.31268,5.5195,5.72556,5.9057,5.78792,4.12736,4.74926,4.96078,5.03539,5.47922
"CD27",8.60524,8.36342,7.28675,8.23561,8.69752,7.55581,6.71489,7.04225,8.08183,7.72982,8.49944,7.88878,7.6374,9.1063,7.92369,7.40162,8.24941,8.88728,8.48854,7.00929,7.10166,8.40065,7.8348,7.45051,7.99404,8.81907,7.33447,8.14611,7.75559,8.33881,7.38115,6.9007,7.1111,8.13251,8.30198,8.60625,8.20728,7.6455,7.49673,9.24323,7.21684,8.62241,8.41023,8.46809,7.79134,8.24336,8.43963,7.66973,6.87584,7.99313,8.31832,8.04481,8.98995,7.48901,7.15466,8.16127,6.78684,9.49136,9.76414,7.85941,8.3558,8.15568,7.54885,8.42761,7.27536,7.66248,7.58141,9.75576,5.78763,7.31721,7.3602,7.54189,6.86015,6.89929,6.22975,6.78397,6.68894,8.2693,7.37432,7.16374,7.03423,9.18155,7.59701,8.2515,7.06799,7.17601,7.17874,7.50588,7.02222,7.4776,6.4596,7.02297,6.69891,7.08037,6.90154,5.81576,5.98976,5.98458,6.24977,6.12226,6.29811
"CXCL5",10.0369,11.43329,9.82852,13.58893,13.50895,10.74611,12.93533,9.73736,12.69475,9.62947,9.4791,10.78858,12.0643,10.34759,11.28479,10.23985,12.88323,9.61183,11.96439,8.4175,9.99102,10.04324,9.81032,9.91373,12.72817,8.16973,10.07512,11.60215,12.28531,10.09065,10.56088,12.8123,11.77092,10.28709,9.90067,10.70026,11.43729,11.68594,10.47912,8.36455,14.32441,10.542,11.65592,10.98378,11.05225,12.09155,11.37447,12.42578,8.14805,10.4557,11.79938,10.99247,12.30241,9.23773,9.8979,12.23709,10.30356,10.37288,9.85597,10.13855,9.72536,9.54441,12.63488,10.16795,13.99024,11.49144,11.48299,9.51416,8.05622,10.24313,8.47591,9.07862,8.77449,8.62427,8.13534,9.92523,9.8288,7.97516,6.87575,10.68447,10.55443,9.70181,10.42828,8.98388,7.3129,7.75759,9.13371,9.96997,9.73309,8.74219,8.8039,7.63372,9.04407,7.4634,9.15648,8.57446,9.03466,6.95691,12.95406,8.3823,12.76519
"IL5",2.33518,2.33679,3.15078,2.08802,2.3196,2.12028,2.3287,1.84299,2.72601,2.37548,1.87017,3.03779,5.31754,2.38026,2.88335,2.24883,2.06079,1.98709,1.62788,3.25358,1.87801,2.33103,2.13988,2.88848,1.53181,1.65205,2.18626,1.18062,2.59086,1.48639,1.37345,1.5068,2.26972,1.78457,3.1792,1.8442,1.88224,2.0568,3.41728,2.0263,1.60974,1.44907,1.70287,1.94101,1.94184,2.06749,1.79873,2.02437,1.78488,1.8848,2.34229,1.95548,2.3428,2.5265,2.48004,2.43568,1.69187,2.42781,1.64039,4.19129,2.08163,1.98244,1.8136,2.34451,3.11238,0.77188,1.2619,0.4531,2.257,-0.19317,1.11358,-0.32962,0.34301,-0.45225,0.86272,0.34496,-0.14323,-0.14341,0.08365,0.48714,0.46486,0.38197,-0.27657,NA,0.39106,0.43114,NA,-0.4123,0.153,1.30881,0.06224,0.97765,0.94326,0.15835,0.6019,0.53005,-0.42082,0.65485,0.32523,0.30174,0.0021
"HGF",11.13292,9.66896,9.60423,11.77995,9.42249,8.88796,10.12003,8.62321,7.74898,11.06401,9.57072,12.12201,9.98074,12.27834,11.88258,10.45782,7.91834,10.00173,10.00244,9.2371,9.20259,11.25757,8.98646,9.83795,12.03393,11.53947,10.04409,9.22447,8.78113,9.31624,9.53638,9.43061,12.38938,8.59323,10.45056,10.11347,9.3207,9.77492,9.49766,13.30324,8.7886,10.37498,11.16221,13.99103,12.32231,8.68681,12.91643,9.10427,7.84386,13.00962,12.1944,8.99048,9.75227,11.06464,9.60533,10.01722,7.87609,13.232,9.99305,9.81273,9.89148,10.64054,11.11224,10.21242,9.15693,7.15848,7.15688,8.7952,10.33763,7.90044,8.44033,9.17241,8.86124,9.17438,9.53073,11.83304,9.5109,11.02607,8.26128,8.26587,8.76972,12.35527,9.31655,9.42555,9.53095,10.85097,10.6378,11.80306,10.87413,8.82781,9.02348,7.6668,8.91305,9.99699,9.84197,9.38431,6.9012,6.86907,7.71094,7.54173,8.10033
"GZMA",12.20316,7.46957,7.41934,9.55453,8.97963,7.56804,7.93903,7.80093,8.19061,10.40783,6.99885,9.33952,7.77679,9.09593,11.66455,7.21102,8.33109,9.46733,10.25752,7.43687,7.82216,7.7553,7.79493,8.9309,10.23914,8.76474,10.26827,8.48676,8.02284,6.5862,7.98134,8.41726,8.5378,7.72051,8.02884,8.02137,9.18096,8.07209,7.10963,7.86022,7.09182,9.03327,8.80522,12.44553,9.8666,8.52148,9.99849,8.31702,6.83206,9.07446,8.81307,7.95061,10.57182,9.41402,7.65341,9.40138,6.43258,11.26346,8.5887,7.77075,9.59713,7.70023,7.7394,7.29014,8.11586,6.94529,7.0524,6.69897,6.43344,5.89882,6.10942,7.21193,7.36635,8.09877,6.75835,7.6026,6.80948,7.82811,6.23165,6.24803,7.27738,7.81002,6.98745,6.93207,6.86576,6.35622,8.01837,8.57329,9.97472,7.29358,8.14612,6.50552,8.61524,6.39694,6.74652,5.84409,5.39989,6.08586,5.84472,7.04738,7.16762
"HO.1",13.01923,13.12718,12.9734,13.08375,13.70961,13.59846,14.08658,10.9419,12.603,13.74298,13.81451,12.5062,13.86585,13.46378,12.91522,13.44343,12.71982,14.23967,13.42558,13.39463,13.86687,13.74627,14.26258,12.96938,13.59203,14.33892,13.85217,13.71846,13.84759,14.02751,13.83412,14.40541,14.51819,14.23743,13.45537,14.23279,14.28578,13.49774,14.27886,13.91049,11.64238,14.30807,14.18159,14.22914,13.95423,13.39958,14.25728,14.22971,11.41384,13.80765,12.71697,14.03256,13.98152,13.81615,13.5934,13.50477,11.45472,14.34243,13.90777,14.04269,13.50233,13.12785,12.9088,13.47842,11.00466,11.84396,11.85715,11.17255,11.24361,13.25506,13.08126,13.0484,12.60693,12.19808,13.14171,13.05504,12.61498,13.09575,12.92035,12.9482,13.1401,12.64268,13.07745,12.49961,12.41426,12.04694,11.96045,13.13983,11.89855,13.16201,12.78569,13.26054,11.50199,12.18245,11.63491,12.14523,10.37681,10.38069,10.46103,9.8843,9.89122
"CX3CL1",4.49468,4.44069,4.19591,4.02966,3.87181,4.43944,4.07104,2.38654,3.86193,3.94117,4.44852,3.68975,5.01394,5.93124,3.81901,5.38684,4.11183,7.58099,3.55612,4.60226,3.23186,4.91825,4.05328,3.71597,4.01142,3.96694,4.27437,4.23917,4.14582,5.05636,4.902,4.3818,3.92838,4.13158,4.24906,4.64103,4.10126,3.87522,4.0194,3.83434,2.54118,6.77275,4.57232,4.21247,3.49995,4.41277,4.42032,3.95812,2.47598,3.32389,5.00464,4.22146,6.29963,3.83424,4.8433,3.97909,2.38619,4.28726,4.76315,4.09363,2.84175,4.89006,6.66432,4.87509,2.67343,2.99057,3.03944,4.27388,2.8631,2.81765,3.03241,2.91071,3.04416,2.57054,3.17615,2.67793,2.35341,6.46513,3.20884,3.08917,3.30814,4.43376,4.15833,2.87368,3.19803,2.8654,2.94855,2.95529,2.25048,2.83687,2.94576,2.84285,2.05083,2.8049,4.39582,3.23694,0.96121,1.16206,1.04715,0.98357,0.95744
"CXCL10",12.40679,9.78063,9.22406,11.17653,10.35428,10.33244,10.28876,15.15763,10.03307,12.26319,9.65413,12.75797,10.66138,13.28763,9.997,10.07853,10.19649,12.69276,9.68996,11.26864,9.27041,9.76706,10.42424,9.39297,11.26602,11.91582,12.19725,8.45512,10.57225,10.60222,11.03211,10.49836,11.35835,9.53313,11.06649,10.47962,10.13527,9.85032,8.9024,10.86397,12.90375,12.04463,10.19202,10.99367,11.25528,11.72983,11.79971,12.58055,15.24342,10.78733,10.25716,8.89912,11.47014,10.79181,9.67473,11.53715,11.7119,11.91658,9.50455,12.40055,9.65532,9.3541,10.97496,9.34161,13.86078,8.92784,8.98511,7.56595,7.9095,7.90701,7.65823,8.69112,7.98025,8.91686,9.31197,8.72488,7.90122,10.88471,8.99695,8.10885,8.78362,9.68605,9.17497,10.07216,10.33175,8.50105,9.23347,9.95643,8.07182,10.07922,10.71228,8.25435,7.85126,8.29943,8.65722,7.55976,10.07313,13.31021,11.30402,13.32247,12.36117
"CD70",4.49091,3.90042,4.05571,3.96615,3.69245,3.80464,3.78333,4.61937,3.85002,4.54132,3.64252,4.43689,4.3943,5.25112,3.98971,4.33547,4.00303,5.98956,4.20286,4.81767,3.38621,3.81618,3.5791,3.938,4.65004,4.19058,4.15358,4.30372,4.21356,5.25126,4.36657,4.04775,5.46517,3.84855,4.29352,4.6193,7.90547,4.36358,5.68753,5.08109,5.96979,7.18677,3.86249,10.89222,3.64543,8.16153,3.87778,4.16741,4.49432,4.20684,4.04868,3.82524,5.24758,4.11005,3.84646,3.88766,3.24176,4.9598,3.72402,4.27439,7.32392,4.21478,7.6828,3.13442,5.95496,2.87323,2.93491,2.28579,1.75057,2.79766,3.00909,2.6318,3.26675,2.06796,3.07743,3.16694,2.88431,5.48875,3.33381,2.57484,3.06435,3.01998,3.18475,3.49894,2.41268,1.99775,2.16684,2.52917,2.15323,2.53743,3.02094,3.58118,1.82064,2.34953,3.64883,2.01522,1.43735,2.14311,2.86019,1.91053,2.55281
"IL10",5.07127,3.47304,3.16691,3.94558,4.37452,3.68769,3.33058,3.62038,3.7445,5.78459,2.64087,4.69586,5.15283,5.2967,3.86183,4.78274,4.05267,4.27827,2.88061,4.45962,4.38345,3.7763,3.81386,4.25071,5.01643,6.2207,4.63707,2.74865,4.40511,5.57584,4.59756,3.8923,3.448,6.29549,4.18077,4.27206,4.68129,3.81608,4.24218,9.10532,11.51168,4.21955,3.51944,10.44159,3.803,4.64847,4.66815,4.33467,3.68994,3.33939,3.98284,3.12882,4.8563,4.65549,3.16932,3.73642,4.76162,6.87461,3.72512,4.47481,2.79401,4.02952,5.17941,3.23683,10.73467,3.16586,3.37274,2.5851,3.28206,2.24402,3.0626,3.18864,3.77584,3.20571,3.53265,2.62107,3.82688,3.34473,2.65079,2.39773,3.53162,2.1247,3.4296,1.7677,2.59588,2.86673,3.63258,3.47511,2.76677,2.77206,3.7601,2.71675,2.06561,2.76281,3.34234,4.35154,3.6308,2.59317,10.23411,2.12482,9.59232
"TNFRSF12A",6.12627,6.75865,4.85009,5.18026,5.62379,4.64641,5.96136,3.13513,4.62007,5.06153,5.66075,5.35791,5.81463,7.62881,4.94147,6.02494,4.85049,6.24046,5.79185,5.38312,5.17332,6.77819,4.96135,4.8261,5.74356,5.89911,5.83854,5.73012,5.47868,6.86417,4.99244,5.63145,5.3268,5.26871,5.88813,6.68697,6.07379,5.75282,5.67486,6.41741,3.62268,6.86765,4.93447,5.22992,6.09921,5.91985,5.85519,5.06406,3.28733,5.33673,6.20262,4.96731,5.39857,5.8462,6.39627,5.61849,3.26182,6.02742,6.4351,5.7065,3.74551,5.62185,6.4493,6.48222,3.42659,4.11873,4.28561,5.00458,4.25468,4.59053,4.65806,4.98897,4.29302,4.24652,4.52332,4.29482,4.36113,6.68829,6.119,4.18922,4.46095,6.28515,5.98809,4.95876,4.95488,5.67422,5.23351,4.60744,3.74397,4.82591,4.80123,4.68666,4.10349,4.60461,5.15583,4.70082,2.48422,2.62886,2.36849,2.19126,2.35189
"CCL23",11.5562,10.99581,10.05271,10.57951,11.82653,10.70672,10.52446,8.75074,10.09153,10.91659,10.92574,10.77041,10.96308,11.93832,10.38124,11.78831,10.33749,11.63372,10.66575,12.17671,10.56049,11.03563,11.22447,11.48067,9.99744,11.70363,10.55502,11.54484,10.94424,12.14048,11.94471,10.85076,11.03376,10.68123,10.58293,11.81885,12.61773,10.98409,11.82792,13.27333,11.49019,11.74769,11.04869,11.74153,11.13185,11.66856,11.27623,10.78889,8.31854,10.70422,10.65005,10.5495,11.54914,11.04656,11.13859,10.724,8.50323,11.60748,10.77011,11.61401,10.49727,11.6033,11.35052,11.41234,11.34206,9.6357,9.7578,10.51495,10.29319,10.74141,10.40525,10.08895,10.14079,10.16288,10.61063,9.74901,9.7517,11.21495,11.17453,9.15013,9.11633,10.71399,11.18364,9.66323,10.89948,11.19322,10.79573,10.29925,9.47609,9.13927,9.70115,9.91522,10.35391,10.41932,10.70335,10.63578,7.95628,7.87258,10.62785,8.18681,10.76753
"CD5",7.76214,6.41901,5.74477,7.17629,7.09497,6.06964,7.01197,5.29599,6.11281,7.99084,5.82576,7.10017,6.05906,8.14382,7.59524,6.42459,6.20074,6.28894,6.26297,5.85729,6.36271,6.44948,6.53405,6.6687,6.84574,6.5597,7.19958,7.11524,5.71141,6.41257,5.80588,7.18876,6.52192,6.14599,5.50956,6.83526,6.35035,6.28606,6.01732,6.90764,5.70325,6.77988,6.90274,8.11544,7.18534,6.51746,7.07556,5.71366,5.3123,6.38724,6.16764,5.96325,6.65131,6.84341,6.54851,7.23969,5.34566,6.9217,7.05868,5.72074,7.40881,6.21443,6.26158,6.76306,5.45554,5.10726,5.11352,5.4,5.59193,4.7085,5.18629,5.02136,5.5406,5.20802,4.84905,5.76756,6.46863,5.4969,5.27605,4.7865,5.5465,6.27746,6.57517,6.19473,6.59118,6.59428,6.33402,5.84684,6.35663,5.06692,5.81609,5.20204,5.66714,6.16032,6.14667,5.16865,5.07588,5.67504,5.54879,5.54944,5.59047
"CCL3",9.11082,6.94403,6.81516,8.06493,6.9157,6.58382,7.39531,10.06358,5.52568,8.0133,6.14047,10.54662,8.67102,9.53462,11.09679,7.17391,5.54722,11.04317,7.21068,8.13856,6.21895,7.38192,7.01286,9.98419,10.43579,9.54393,8.5448,6.87479,6.36584,7.88351,7.85342,9.96073,7.21588,6.87136,8.50554,7.35897,7.98124,7.22046,6.93313,7.72544,14.2516,10.43663,7.33348,11.21829,8.11868,7.68769,8.02326,7.13633,10.89912,7.88878,7.37404,5.80896,6.85498,8.48118,7.64219,8.40416,10.22633,7.84492,7.08282,7.26545,9.65383,6.76498,8.55191,7.98319,14.21937,5.08821,5.12205,6.00146,7.35825,5.79005,6.11136,6.80712,5.67437,6.11167,6.78521,6.51874,6.12271,9.16732,6.23769,5.80958,6.65258,6.32864,6.64014,5.58064,6.8855,7.22298,8.0192,7.2162,10.16347,6.44832,7.53877,6.22696,7.34582,6.48865,7.44695,7.4504,9.51498,10.13362,13.21418,9.33464,13.30753
"MMP7",13.26041,13.36253,12.76215,12.01367,12.7437,12.35375,12.33035,11.42766,12.68855,13.19975,13.00496,12.86532,13.461,14.17784,13.19403,13.39105,12.83407,12.92629,13.25402,12.19768,12.76699,14.0117,12.70069,12.57997,13.07332,12.71631,13.41053,12.84925,12.36213,13.34995,12.52264,12.50669,12.69127,13.00676,13.11143,13.17953,12.8763,13.41522,11.97166,12.66432,11.26597,13.27237,13.12684,13.58099,13.59384,12.30015,13.6042,12.4398,10.98634,11.94613,13.26338,12.66456,10.80347,13.39022,13.39295,12.75455,10.90313,13.41591,13.89777,13.74373,12.4215,13.16408,13.21705,13.6757,11.72279,11.62549,11.53941,12.78486,11.9521,12.19606,11.62152,10.71114,10.74675,10.66518,11.48699,11.43211,11.3897,12.7978,12.06153,11.46892,10.92274,11.23118,12.65543,11.841,12.3346,11.71651,11.79683,12.21235,11.87906,12.04773,12.10419,11.70769,11.15827,11.46563,12.07789,12.30815,9.74079,9.74244,9.9404,10.12406,10.32267
"ARG1",8.33979,7.48273,7.44577,8.78567,8.36403,7.81226,8.00547,5.40273,4.66853,8.96916,7.00266,8.64144,7.80243,9.09834,8.34353,8.11947,4.64897,7.28943,7.88557,7.61042,8.05235,7.75606,7.93127,8.12479,8.27439,7.63746,7.60066,7.87731,7.79277,7.51157,7.8859,8.03168,6.89275,7.37911,8.35119,7.88945,7.10537,8.26365,8.39797,7.62624,5.53607,8.3644,8.27372,8.30518,8.77935,6.54722,8.0638,7.39611,5.34314,7.58963,8.36151,8.02634,8.31496,8.45461,8.15529,8.49584,5.49936,7.10771,8.35439,7.31628,8.04329,8.12917,7.89208,8.69209,5.00172,3.89766,3.85028,6.06243,7.61709,6.24815,6.98577,6.85773,6.94555,7.3851,7.38022,6.48838,7.57041,6.42763,6.66111,6.87671,7.2625,7.50853,7.15469,7.35574,7.73773,7.9369,7.81046,6.99342,7.21809,6.5277,6.56113,6.55904,7.38224,7.55485,7.40095,7.54162,4.54432,4.40075,4.45303,4.50489,4.01913
"NCR1",5.04977,5.18431,4.33728,4.57197,4.79918,3.97627,4.16211,3.6232,3.99805,4.26497,4.88645,4.63061,5.42069,6.36844,4.04185,3.76729,4.10503,5.28754,4.39585,4.51012,3.24049,6.12779,3.93712,3.46112,4.06139,4.49666,4.64429,4.94787,3.79287,3.85902,3.98487,4.31863,3.82652,4.62829,5.07611,5.11329,5.47396,3.78576,3.68494,4.31964,2.82429,4.81222,4.70569,5.49709,5.04865,4.70896,5.79113,4.00767,2.88765,4.13927,5.3867,4.59129,3.1863,4.23288,4.39735,4.56102,2.73714,5.60803,4.34835,5.35535,5.04659,4.8153,5.05597,4.2777,3.75819,3.47281,3.26739,5.32967,3.59186,3.38759,2.70825,3.6445,3.22993,4.3553,3.02542,3.35361,2.07199,4.73353,4.2205,3.48891,2.93625,5.00093,4.05828,3.70571,3.45986,3.11495,2.77493,4.7103,2.7632,3.34068,3.60004,2.53741,2.41223,2.64897,2.6395,2.92264,1.41212,1.79377,1.77013,2.44521,2.54419
"DCN",5.35158,5.12857,5.19055,5.33338,5.42259,4.82361,4.95618,3.35295,4.25316,5.27906,4.98447,5.33693,5.53464,5.40147,5.63558,5.66251,4.26937,4.98854,5.09348,5.59219,4.52363,5.11577,4.69323,5.00603,5.17498,4.93585,5.22665,5.23828,4.7975,5.13548,4.90677,4.79813,5.1212,5.65161,5.67812,5.3638,5.01613,5.44538,4.88786,4.99442,3.14738,5.33264,5.14972,5.44981,5.58524,4.90286,5.21374,4.87584,2.97955,5.27822,5.70415,4.90332,5.0717,5.33439,5.06194,5.15864,3.24211,5.57803,6.10312,5.01628,5.11751,6.06917,5.17325,5.16968,3.41406,3.72921,3.78834,4.42454,4.10152,4.80215,4.54375,4.29495,4.81876,4.26652,4.75454,4.22374,5.97228,5.11376,4.43574,4.13586,4.24245,4.5732,5.01789,4.35817,4.41872,4.53433,4.42665,4.31734,4.69293,4.11677,4.39746,4.53004,4.14371,4.34256,4.90043,4.34102,2.41224,2.30436,2.3616,2.54213,2.51241
"TNFRSF21",8.20391,7.97841,7.45239,8.01405,7.61983,7.83416,7.61729,6.69981,7.43444,7.9675,7.69941,7.80598,7.65431,8.73974,7.50096,8.29517,7.60005,7.30826,8.06993,7.74958,7.39986,8.32339,7.94468,7.68683,7.88698,7.59472,8.12986,7.67129,7.65883,7.98757,7.91953,7.9433,7.76816,7.85153,8.02668,8.30544,8.10851,8.11262,7.71449,7.62881,6.66745,7.84932,7.98016,7.92604,7.75132,8.03357,7.72414,7.77646,6.528,7.31578,7.84539,8.00663,7.81504,7.95646,8.10527,7.93288,6.37702,7.50054,8.25424,7.64419,7.65317,8.05269,8.00485,8.01618,6.75322,7.07991,7.02434,7.35971,7.08521,6.80508,6.7121,6.88181,7.09837,6.73835,6.75651,6.9825,6.74822,7.32916,7.19895,6.80542,7.23389,7.66318,7.75629,6.68607,7.09146,7.43677,7.48224,6.86975,6.75218,7.1329,7.3067,7.11525,6.98442,6.71845,7.38214,7.1743,5.64545,5.62431,5.77861,5.86944,5.90025
"TNFRSF4",8.20533,7.02134,6.21466,6.70927,6.39437,6.90455,6.73489,4.94793,6.11617,7.21054,6.52879,7.01881,7.50525,8.68355,5.98967,7.39488,6.24603,6.84082,6.61132,6.69433,6.01525,7.61907,6.43846,6.32729,6.63727,6.9478,7.50918,6.3661,6.40384,7.52998,6.93751,6.705,6.76311,6.50267,7.17592,7.71743,7.88449,6.82725,6.34435,7.33476,5.36286,7.25573,6.46015,6.79101,6.82831,8.30984,6.76026,6.02591,5.09587,6.17772,6.76659,6.42412,7.26804,7.3085,7.09591,7.73715,5.09344,6.86474,7.36345,7.22946,6.51871,7.07251,7.53328,6.7867,5.269,5.50719,5.43255,6.20251,5.77381,5.832,6.1638,5.76575,5.8995,5.49759,5.72901,5.63772,5.3229,6.52597,6.23435,4.71304,6.20623,6.58987,6.68928,5.30757,5.30252,6.15152,6.57244,5.79268,5.04753,6.46409,6.56862,6.02414,5.25929,5.73469,6.57097,5.7541,4.1992,4.23162,4.28101,4.11608,4.25555
"MIC.A.B",2.13793,6.1736,5.65945,4.87636,6.85459,5.47527,5.04498,3.93738,5.16043,6.0346,6.37859,6.09237,6.27281,6.80775,1.98868,6.13882,5.16304,6.11988,5.43039,4.72798,5.64321,6.02885,6.13864,6.68788,5.06781,1.82147,2.42488,6.97659,5.42312,6.43937,5.73923,5.39829,6.73091,6.18847,5.0236,7.19008,6.44906,5.59353,6.30042,6.05475,3.78174,6.31344,6.29255,7.19147,6.86074,5.97105,2.70295,5.1245,3.80737,6.68144,7.0045,6.71291,5.93933,6.38705,6.14161,6.5366,3.73366,6.90285,5.21078,6.37576,5.92536,6.40091,7.3518,5.07846,4.27102,4.66831,4.61525,5.71696,5.24084,3.59094,3.77196,5.93634,5.77567,5.54374,5.70393,4.99529,4.91925,6.64674,5.05328,5.68909,5.61031,5.87792,5.63009,6.55062,6.20564,5.41227,5.29937,1.68114,0.84725,1.00755,1.25333,5.50572,5.82645,5.2951,5.66066,5.46363,3.06402,2.99469,3.118,3.11147,3.19094
"CCL17",10.93691,10.44669,10.16467,12.00759,11.367,11.69096,9.5494,10.21695,11.44587,9.91918,9.4549,11.07224,11.29873,9.88127,9.31549,9.37012,11.54415,10.16684,10.74338,8.91893,9.30223,10.22752,10.54772,11.65625,12.04956,8.81235,10.61876,10.39039,11.44727,10.30153,11.1105,9.77291,11.80705,9.74325,10.53483,11.32012,9.05584,11.18333,12.22884,8.13212,8.97784,11.73527,12.18623,10.13274,12.51495,11.13753,9.6635,9.09716,8.75427,9.67548,10.14055,10.43997,12.09901,12.13397,11.17723,9.90929,8.70257,8.40351,11.13039,10.41621,10.95966,8.71268,9.87514,10.76132,10.29112,10.67427,10.57751,9.60817,9.11535,9.25877,11.59667,11.01134,10.16451,9.32691,8.90273,10.13193,8.603,9.05043,8.32177,9.27094,9.94563,7.78204,8.56896,8.91234,9.70272,7.74862,8.77382,8.59045,8.26198,9.42594,9.5541,8.06211,9.22569,6.32073,8.11399,9.13813,7.84057,7.78355,7.96359,9.33585,9.37801
"ANGPT2",7.12659,5.54601,5.87108,5.54246,5.54056,5.32895,5.66626,3.24824,6.23124,6.46726,5.8817,6.0113,6.023,6.19891,5.00004,7.42888,6.32749,6.89942,6.69728,6.33883,6.18544,5.41445,7.45031,5.67385,5.87457,6.76444,6.42343,5.78973,5.67408,6.30508,6.30127,6.0011,6.68793,6.26678,5.89763,6.20474,7.11528,6.51166,6.10175,7.10415,3.66485,7.15508,7.62568,6.755,6.77426,6.86234,5.57199,6.02407,3.5994,6.29634,5.51317,5.74996,6.07161,6.52986,5.59069,6.21137,3.58353,7.13176,6.23704,6.2733,5.36544,7.53165,6.08888,6.04939,3.35999,5.54829,5.55003,5.47856,4.15006,5.02895,4.96605,5.73906,5.42511,3.725,4.46224,4.85606,4.09304,5.87057,4.93292,4.03571,4.34239,6.0011,6.21836,4.86467,5.4097,5.33815,5.15665,4.38858,3.95483,5.10301,5.34439,4.93067,4.49861,4.67538,6.87057,4.39439,2.60542,2.66379,2.61486,2.28466,2.15914
"PTN",0.80043,0.4976,0.46535,0.57114,0.62321,0.02322,0.36119,0.97911,0.76165,0.44394,0.30448,0.48935,1.85078,1.11212,0.72077,0.27552,0.92729,0.91204,0.57141,0.18351,0.02158,0.85349,0.81635,0.76187,0.7071,0.37121,0.47671,1.16063,0.17814,0.6052,0.22151,0.95993,1.03573,0.56648,1.73249,0.97841,0.90194,0.85714,0.74787,-0.32173,0.59195,0.0562,0.97521,3.27517,0.70573,1.0242,-0.08829,0.91238,0.54436,-0.05693,0.97559,0.41792,0.88321,1.12869,0.77824,0.71085,0.51202,1.30594,0.72656,0.71833,0.54371,1.0218,0.51856,0.3982,0.77379,0.03879,-0.73769,-0.62079,-1.07188,0.91274,-1.00279,-0.1768,-0.89729,-1.28218,-1.27606,-1.17302,-1.82419,-0.59191,-0.67704,-2.37702,-1.6006,-1.59273,-0.65776,-1.84993,-2.83553,-1.41889,-1.48477,-1.52029,-1.37623,-1.40851,-2.29227,-1.61647,-0.99523,-1.75209,-1.1936,-0.85536,-1.65575,-1.39377,-0.70472,-0.91749,-0.72322
"CXCL12",0.68661,2.03375,1.74134,1.09793,1.86494,0.56418,1.0755,0.56138,1.05368,1.05924,2.22152,2.14948,0.97238,0.48887,1.032,1.92513,1.2623,1.27565,0.71456,1.29149,1.91141,0.79182,1.59643,0.79843,1.48424,1.40732,1.69889,2.31953,1.73062,1.30221,2.15817,1.27472,0.90817,1.77877,0.57976,1.53455,2.32754,0.54752,0.58633,0.68868,0.88745,1.61742,0.6752,1.72459,0.49024,2.44912,1.63575,1.41519,0.5685,1.9883,1.0766,1.57176,1.58951,0.52725,1.98152,1.64863,0.76158,1.09408,1.11235,1.50442,0.77179,1.57085,1.43418,1.00224,0.95934,0.57054,0.35989,-0.39162,0.21493,0.60107,0.36085,-0.15662,-0.84263,1.17913,0.75366,0.03629,0.07645,1.54273,0.98676,0.26238,-0.00198,-0.10856,0.91598,0.51891,0.42067,0.64558,0.02405,0.52377,-0.27904,1.38118,0.29623,0.64187,0.78476,0.45657,0.93025,0.36084,-0.28679,-0.22822,-0.09088,-0.00567,-0.02796
"IFN.gamma",9.57484,8.23755,6.96945,7.48589,6.15701,9.20806,5.46946,13.7873,8.2301,10.0541,5.70969,9.40444,6.83048,11.31419,6.79923,6.15499,8.29705,10.70115,6.49523,9.61042,7.5064,8.42262,7.3661,6.33798,9.26912,9.91097,8.40911,5.93272,7.45988,6.75928,7.15964,6.73157,8.21049,7.62756,10.04049,6.42177,8.32432,6.94393,4.27369,3.83131,13.23541,7.75219,6.38176,8.93307,7.74998,10.43223,7.90748,9.09807,14.04084,8.36772,8.72791,6.58081,7.43823,7.16069,6.35608,6.87329,11.63599,9.57448,6.08437,12.13152,6.58425,5.29609,10.59949,6.51092,15.86593,7.73923,7.67035,5.06892,5.14252,5.68016,5.88343,7.13159,4.38938,7.65917,7.84844,5.94504,6.05746,7.54943,9.56628,6.97815,7.70875,6.34706,5.88895,5.48142,5.38705,4.23385,5.79103,6.94107,5.66208,7.30641,7.2672,7.9037,5.33037,6.14918,5.77485,5.78245,10.72221,12.94961,12.20598,12.7916,14.94229
"LAMP3",7.57917,5.52991,5.7363,5.62584,5.06034,4.42047,4.69718,5.12158,4.70635,5.66037,5.56453,6.1436,5.29834,7.89581,5.87092,5.78942,4.64811,5.78831,5.34304,7.60118,5.0177,6.74179,4.64001,6.54625,6.63501,6.29905,6.81538,6.53373,4.05796,6.13815,6.40364,5.71405,7.05652,4.89368,4.78686,6.8896,5.97482,5.44112,6.42973,4.85505,3.42082,6.08019,5.99721,7.90938,6.69689,5.1046,8.07117,3.98506,3.1926,5.88127,4.70002,5.10677,6.82333,6.50637,5.27571,5.84803,3.34995,7.38713,6.15958,5.4897,6.05351,6.20958,6.57831,6.51901,5.43032,4.20323,4.08352,6.9991,3.28564,3.70184,3.2665,5.24539,4.7304,4.48593,4.74006,4.09062,3.80464,6.17601,5.41763,4.07706,4.86221,5.9742,4.77805,4.37914,4.96329,5.05212,5.12071,7.25912,4.91282,5.70728,5.90607,4.58052,3.48154,2.70795,5.83213,3.60825,2.28132,2.3724,2.41163,4.29955,4.42409
"CASP.8",10.64457,9.03171,9.09091,10.78448,9.71751,7.95444,9.09497,7.48848,6.36034,10.86403,7.70643,11.21517,8.90724,10.8773,10.95819,9.48584,6.31644,8.4253,8.80931,8.45014,8.89252,9.14164,8.36506,10.05317,10.79581,8.41649,9.24091,9.24779,8.51717,9.17467,8.43897,8.45738,10.7843,7.53151,10.40003,8.83956,6.74939,9.86208,9.71816,10.39936,7.84783,9.29326,9.55119,11.4687,9.9981,6.06207,10.79476,8.51199,7.5496,9.22545,10.59328,9.14332,8.70503,9.60712,9.30513,9.56385,7.63859,10.80434,9.5706,9.61779,11.15901,9.67013,9.09338,9.32708,7.50648,6.4499,6.40818,8.77459,9.91113,6.61307,8.13955,8.53771,9.33825,9.21365,9.60212,9.07143,9.55204,6.88871,6.66291,8.31618,8.52565,9.65939,8.51288,8.981,9.50764,10.22609,9.77233,10.40023,10.65997,7.84768,8.73333,7.47369,9.29252,10.16354,9.42709,10.4345,6.73484,6.56542,6.69178,6.62457,6.42977
"ICOSLG",6.87266,6.32132,8.14604,6.54384,6.10596,7.68048,5.98613,5.29425,6.34618,6.44709,5.75185,5.92084,6.1257,6.97306,7.59529,5.89243,6.32785,7.05382,5.85456,5.38855,5.9915,6.51606,5.98117,7.39152,6.70341,6.22442,6.57034,7.69989,7.20672,5.89043,6.2407,5.97946,6.53515,6.42974,6.30861,6.50473,5.92381,6.24264,5.99396,5.79893,5.65614,6.42023,6.30866,7.14945,6.4127,5.98645,7.04643,5.83414,5.49454,6.04184,6.0797,6.39848,6.20507,6.66174,6.2683,6.43575,5.43945,7.56457,6.62753,6.26621,6.48762,5.67332,8.19141,6.43503,5.42424,5.92708,5.83283,7.99243,5.27245,5.06937,5.08847,5.06586,6.53069,5.63995,5.1667,5.34955,5.12411,5.62913,5.50166,5.39025,5.28648,6.22676,5.79643,5.75567,5.72733,5.27835,5.32373,6.16217,6.68575,5.35693,5.65541,5.58963,6.598,4.90895,5.99956,6.29603,4.47837,4.57151,4.56807,4.29133,4.4376
"MMP12",8.7622,6.60168,7.56856,8.36516,6.71187,7.298,7.48955,5.22366,7.29417,6.76904,8.01496,7.28956,8.89934,8.58335,5.75838,8.22127,7.36176,9.62206,6.81582,6.9513,6.46683,8.57392,7.56538,6.21638,8.20668,8.32265,8.48505,6.68683,7.56036,7.39143,7.847,7.19814,6.5949,7.08017,7.8612,8.23549,7.89174,6.86221,5.27618,8.02593,4.50863,8.46146,7.39014,9.8066,8.86643,7.53034,6.42389,6.8208,4.27293,7.1825,7.58806,6.30186,6.81392,8.37634,6.14763,6.43081,4.19064,8.04349,7.47732,9.11786,5.49392,8.1107,7.71423,7.08973,5.4251,6.6148,6.53533,6.33626,5.89373,6.95442,7.47969,4.79793,4.9149,4.81271,5.89637,5.96845,4.98864,7.53255,6.22099,4.24695,5.61458,6.19688,6.66112,5.59054,4.47716,6.99049,7.32552,5.31034,4.49004,5.15302,7.35583,5.5905,5.06441,6.16088,6.46854,6.90691,3.14984,3.27038,3.21284,4.11948,4.24388
"CXCL13",8.00047,7.8113,8.06953,8.74606,9.06102,8.0794,8.48235,7.44633,7.89323,8.5452,7.67948,8.63398,8.43774,8.6024,9.2219,7.62608,8.16507,10.93066,7.63721,8.45787,7.17842,7.57556,7.92123,7.43456,7.79731,9.47324,8.40442,8.01861,7.95847,8.71836,8.57594,8.78681,7.85101,7.59526,8.01116,9.06997,8.69597,7.73508,9.84185,9.05859,9.88939,12.63786,8.13403,9.46042,8.75094,8.32088,8.36745,7.51927,6.25546,7.2727,8.58836,7.82018,7.83421,9.35818,7.79028,8.1722,6.06847,10.68935,7.95869,8.99423,7.76432,7.90872,8.68167,7.82767,10.45972,7.1369,7.20964,7.39602,5.74139,7.54385,7.05614,8.33513,7.80332,7.1383,7.44392,6.9765,6.16248,10.88452,6.68786,6.62957,7.09057,7.04602,7.12819,6.27956,5.72833,6.1925,6.94338,7.2685,8.04405,6.91241,7.39639,6.30928,5.96737,6.54661,6.63571,6.05983,4.93399,5.34668,8.43997,6.42497,9.44872
"PD.L2",4.65576,3.18317,5.32782,3.65193,3.22163,3.34616,3.07654,1.97787,2.94046,3.46596,3.17244,3.91597,3.55108,4.4455,4.80474,3.32007,3.11802,3.59899,3.34147,3.80808,2.26814,3.44976,2.9086,3.40917,3.52948,3.26029,3.45381,3.66886,3.29184,2.711,3.91084,3.33669,3.11227,3.29263,4.31409,3.23558,3.39964,3.43089,2.91753,2.97144,2.16409,3.75054,3.31108,3.91937,3.64203,2.91489,3.43084,3.1985,1.7512,2.8255,3.47334,3.12671,3.78199,3.67674,3.13795,3.14474,1.76552,4.19281,3.98083,3.61192,3.18524,3.35322,4.82483,4.10626,2.21168,2.5408,2.62311,4.0937,3.09309,2.37279,2.31513,2.95224,4.07097,2.7207,3.03224,2.11923,2.15704,3.30634,2.80938,2.21175,2.62918,4.02337,3.39859,2.71279,3.06719,3.00924,3.18369,2.68802,4.21278,2.22193,2.76016,2.27626,2.7255,2.8961,3.67058,3.30329,1.02906,1.22666,1.0574,0.80891,0.91898
"VEGFA",10.8105,9.63454,9.44502,9.31601,9.71498,8.89598,9.53499,8.78654,9.48001,9.82813,9.91724,9.91034,10.1397,11.46674,9.48363,9.99589,9.66484,10.79804,9.78283,9.91785,9.00526,10.22432,9.10566,9.78733,10.04775,10.14155,9.99699,11.42562,9.35699,10.72563,9.37895,10.24513,9.62278,9.24818,9.6944,10.37835,11.16104,10.06545,10.52823,10.87706,7.95552,11.04305,10.50118,12.61032,10.54835,10.6543,9.51119,9.50817,7.77363,9.07634,9.83958,9.16301,10.44619,9.91067,10.25208,9.75054,7.97293,10.70108,11.29943,10.2092,10.65284,9.9745,11.18504,11.08333,9.54491,8.75152,8.63927,9.39895,8.21182,8.66547,8.71487,9.0927,8.48437,8.03478,9.11786,9.35484,9.42794,10.16299,8.94561,8.54693,8.63497,9.87036,9.52053,8.62676,9.14547,9.19781,9.18314,8.43218,8.49361,8.47012,8.81553,8.42789,8.39574,8.19697,8.79219,9.0686,6.912,6.73237,6.7433,7.75934,8.40697
"IL4",0.4485,0.19423,0.57969,0.48739,1.31854,-0.02906,-0.29581,0.32131,0.90022,0.09894,-0.08013,1.24406,0.92766,0.62587,0.3759,0.24422,0.80335,0.0531,-0.26183,0.11295,-0.02311,0.27324,0.37089,1.17264,0.15472,-0.07311,0.11295,1.09109,1.15601,0.17742,0.11758,0.93801,0.90899,-0.05106,1.14342,0.99855,0.57334,0.32776,0.40208,-1.03547,0.71852,-0.55994,0.10888,1.95088,1.43499,0.09359,0.10293,0.8621,0.46033,-0.30563,0.8433,0.38078,0.80487,0.66953,0.14371,0.29247,0.31358,0.58985,0.16007,1.58206,0.43821,0.99951,0.17753,0.11962,1.76086,-0.02112,-0.39025,-0.89199,-0.08917,1.7615,1.90558,0.95325,0.95694,1.07146,-1.41205,-0.72987,-1.02733,1.0766,1.30574,-0.24261,-0.65165,-1.55523,-1.4535,-1.36523,-1.9887,-0.62163,-0.87929,NA,-0.74023,0.59724,-1.00302,-0.95667,-0.42735,-1.29753,-0.19378,-2.36485,-1.22246,-0.54852,-0.16851,-1.12755,0.13024
"LAG3",6.2418,4.89787,5.07831,4.98372,5.85473,5.30386,4.26064,4.79413,4.75878,4.93617,6.66484,5.76997,5.39798,7.42396,4.87194,4.93501,4.7794,8.10588,4.68789,3.98689,4.63836,6.49019,5.40973,4.98908,4.645,5.43124,6.66078,7.80076,5.36988,6.19967,5.86621,5.20235,5.72811,4.55533,5.24409,5.82693,6.89348,4.48048,5.39327,3.93802,4.35418,7.79661,6.31865,9.0786,5.19722,6.60308,7.73976,4.9856,4.19029,4.99855,4.05096,4.64546,5.67959,4.9167,4.28061,4.29826,3.90902,7.25627,4.88592,5.63023,4.4906,5.60513,6.93407,4.5131,4.83013,4.2411,4.19899,4.43449,3.20733,4.51941,3.64325,4.37243,4.93233,3.8277,4.39922,5.1981,3.12907,9.33507,4.87536,3.26916,4.20545,6.65861,5.15252,3.45631,2.88707,3.58697,4.21313,6.89143,4.14757,4.56372,5.77613,3.9315,3.61286,4.02238,4.36106,3.1827,2.97782,3.18922,2.9889,3.59865,3.48389
"IL12RB1",3.29681,1.59905,1.62244,2.57322,2.44436,1.97259,1.87092,1.06672,1.42166,2.80674,2.40433,2.34789,2.67966,3.60341,2.52079,1.76664,1.58719,3.70528,1.33788,2.38464,1.62912,2.69895,1.56181,1.65285,2.16331,2.72513,2.95262,1.93384,1.99705,2.45849,2.15087,1.98453,2.57599,2.31616,2.48493,2.79374,3.71938,1.70394,2.19182,3.57515,1.0838,3.70346,1.78188,6.53273,1.86401,3.65009,3.17163,1.93152,0.99841,1.87816,2.29103,1.74275,2.682,1.9062,1.37427,2.72734,0.69651,3.34694,2.30248,2.3858,1.78708,1.91002,2.7813,2.16212,1.67851,1.06099,0.90465,1.64338,1.14771,0.92474,0.62359,1.33842,1.32752,1.21005,1.17768,0.76932,0.71563,3.00845,1.86494,1.2949,1.78429,2.05279,1.77195,1.18233,1.08271,1.24277,1.68361,2.5604,1.58992,1.61432,2.22169,1.27587,0.59693,1.46921,0.97419,1.20336,0.0344,0.20167,0.15742,0.59945,0.37304
"IL13",0.52312,0.1184,0.83392,1.01546,1.6172,0.3852,0.1616,7.51107,1.10586,0.94831,0.52528,1.34883,3.9314,0.94869,0.33876,0.58971,1.32038,-0.52096,0.16795,1.37094,0.19794,1.45127,0.66717,2.49503,0.00459,0.72801,0.15925,0.42582,1.23377,0.4622,0.80215,0.39614,0.88873,0.81449,2.41041,0.90681,1.47118,0.62251,0.58465,0.02034,1.69295,0.43782,1.4164,0.69228,-0.08321,1.17055,0.98153,0.88008,-0.03699,0.59832,1.28544,0.52003,0.83096,0.83151,0.46983,1.20521,0.87506,1.14459,1.79973,4.12873,0.48718,0.92438,0.04168,1.07909,7.71157,0.631,-0.02862,-0.0291,0.21786,1.69678,1.61852,0.66439,0.56334,0.81885,-0.19446,-0.24952,-0.19161,0.81244,1.6863,-0.29808,-0.29561,0.12741,0.10691,-0.304,-0.36812,0.12009,-0.32249,-1.14136,0.03286,0.29613,0.26024,-0.73385,-0.0672,0.74878,0.24476,-0.60713,0.49901,0.02691,0.44064,6.12985,6.35919
"CCL20",6.90858,5.41676,6.43647,7.82229,5.64644,5.74169,6.53965,8.37784,6.68139,6.63069,7.11913,7.09965,6.5665,7.72747,6.67666,5.43255,6.75588,8.48603,6.25888,7.58708,6.32719,6.36768,5.53145,5.95895,7.21972,6.74838,9.71869,5.23018,6.27451,6.85696,6.75567,6.97229,6.597,6.45555,6.48642,5.87138,8.03158,6.29919,6.88292,6.51992,13.94275,7.89828,6.92104,7.18194,7.64559,7.79191,6.62069,5.83795,7.61531,6.60499,7.51936,5.44504,5.71898,7.03103,5.59845,6.25757,9.97481,8.49697,7.05983,6.64534,6.04446,6.90334,11.25041,8.4169,13.72045,6.01499,5.98187,6.55171,6.1162,5.52891,4.81409,5.0493,5.32978,4.79253,5.2298,6.16469,7.7386,7.9936,5.33081,10.088,6.721,5.65864,5.60591,4.14683,4.86476,6.45039,6.08525,5.60171,5.60061,6.68658,8.63247,5.44507,5.23673,6.08217,4.91447,9.61028,9.02827,6.85681,12.74224,7.70339,12.62245
"TNF",5.652,4.34441,3.29871,4.83942,5.14836,4.20158,4.31937,6.71467,3.70213,4.93761,4.63789,5.33879,5.16495,6.48465,3.65197,4.24977,3.93498,4.67026,4.09669,5.09941,4.4492,5.15867,6.72749,4.44221,4.50296,4.96867,5.23258,3.42532,4.21189,5.28323,5.21938,5.69376,4.55734,4.45936,3.52657,5.08777,5.81271,4.7154,3.99913,5.4723,13.44649,5.00799,6.79999,7.73517,4.25298,6.07496,5.09248,4.86668,6.77166,4.28894,4.14554,3.76744,5.98151,4.66482,4.39944,4.58356,5.62688,5.85307,4.32923,5.26694,3.22664,4.08786,5.47916,4.43041,12.83855,3.76023,3.92484,3.54129,3.66027,3.90075,4.00054,4.28254,3.37573,3.37672,4.27404,4.46309,3.93165,5.56789,4.77874,3.75926,5.26613,4.95033,5.51301,3.77892,4.23166,4.37792,4.89848,4.6801,3.28679,4.20515,4.93076,4.32614,2.96095,4.14633,3.54083,3.95398,5.33212,6.50497,12.77919,6.36638,12.18779
"KLRD1",8.05444,5.66497,6.62953,8.31328,6.17435,6.82541,6.84329,5.70146,5.71262,6.59221,6.41515,7.20241,5.81845,8.12569,6.63702,5.05788,5.93241,7.55058,6.68528,5.9909,6.00157,6.84319,6.90722,5.59074,7.82207,7.97129,7.15945,6.74093,6.52821,6.5161,5.63512,7.02977,7.465,6.40202,6.37499,7.45334,7.89136,6.28063,4.89381,6.02215,4.94649,8.5252,6.91916,6.76273,6.47481,7.83479,7.1701,6.76771,4.43518,7.00929,5.94909,6.60452,7.22104,6.40804,5.22698,6.5582,4.23724,8.11585,6.36096,5.65228,5.32674,6.16738,5.62871,5.64564,6.01262,5.13363,5.03752,5.9498,3.95493,4.28104,3.47361,6.42685,6.59166,4.80347,4.68975,5.17054,4.31722,5.88343,5.59059,5.76364,6.24687,5.88827,6.37874,5.83698,6.32561,4.22136,4.97903,6.20082,5.58209,5.73375,6.18035,5.6174,4.37913,5.18488,4.53041,4.11073,3.26763,3.24973,3.35879,4.68659,4.75627
"GZMB",8.64508,3.73255,2.4887,5.78757,6.06327,3.35632,4.93733,7.16731,6.15468,5.60697,3.53822,5.23538,4.13854,5.193,7.23514,3.00198,6.2634,4.53518,6.0096,3.20362,3.34579,4.66734,3.9959,4.49097,6.96482,4.25023,6.28615,5.00126,4.56337,2.81778,2.85558,5.50614,2.95747,3.62522,4.72111,5.42872,5.50129,4.18432,3.35166,4.42673,9.06206,4.58,5.49406,10.49923,6.62641,4.64198,6.52016,5.4635,6.95717,4.0713,5.10497,4.81737,7.30223,5.82679,3.4806,5.48019,4.64998,7.53065,4.77929,3.96153,6.85963,4.99372,3.31777,2.24655,10.86607,4.18943,4.13517,3.682,2.46384,1.40924,1.40069,3.57763,4.47121,5.93844,4.46739,5.53726,2.75649,3.44359,1.38843,2.50139,2.89833,4.03859,2.14657,3.10548,1.80055,1.22178,2.58669,4.87917,5.54322,3.60498,3.17696,1.53191,3.96888,1.61751,2.18927,1.60949,3.72985,6.10434,7.62278,6.62397,9.53485
"CD83",4.72018,3.02999,3.23524,4.15032,3.25855,2.97126,3.27306,2.55259,2.71125,3.62989,2.80519,4.63712,3.72461,5.05296,3.68336,3.45098,2.91507,3.12192,3.2749,2.82421,2.72375,3.81209,3.16311,3.43344,4.23626,3.08473,3.91846,2.79837,2.83394,3.16986,3.65957,3.56953,3.42495,3.04145,3.65768,3.8041,3.47854,3.30336,3.33206,3.18673,2.68226,4.10182,3.09264,3.47687,3.93896,3.41174,3.65619,2.74934,2.21308,3.31567,3.43026,2.92833,3.17073,3.97457,3.13554,4.2095,1.91534,3.13776,3.25472,3.52522,3.5442,2.91984,3.41185,3.32633,3.26276,2.16798,1.94877,2.42255,2.2433,1.9881,1.83641,2.08331,2.30201,2.03096,1.91836,2.51717,1.74082,2.98816,2.62581,2.39007,2.72055,3.13532,3.27601,2.21936,1.9494,2.73497,2.97255,2.47532,2.61095,2.67999,3.08551,2.28421,2.56522,1.96812,2.86111,1.99118,1.01763,1.09943,1.81068,1.44853,2.13803
"IL12",8.81871,6.58834,6.6256,6.90119,7.55458,7.33224,6.66851,5.43436,6.68371,7.60828,6.34968,7.39693,7.53606,9.0775,4.71811,6.48752,6.77534,6.44892,6.88168,7.26286,6.88096,8.55068,6.56911,6.24459,6.46191,7.59104,8.00757,6.80489,7.46881,8.70846,7.72434,7.60182,6.80233,6.91032,6.93407,8.33482,9.31766,6.83357,5.73721,4.30668,10.59473,6.641,6.79678,9.77484,7.40649,8.27387,7.81027,7.46795,5.30847,5.9526,6.99904,6.41982,6.49119,8.08405,6.20866,7.60265,5.55957,7.00264,5.47012,8.33537,7.77453,6.62254,9.12821,4.58317,10.22883,5.92875,6.00543,7.35953,4.0316,5.84932,5.12477,5.1093,5.31078,5.64494,5.22504,6.21452,3.99388,5.95407,5.39359,5.96929,6.53247,6.67134,6.97344,4.42526,3.70585,4.76333,5.70235,6.58362,3.80048,6.83146,6.93693,5.92806,4.57089,3.69765,5.49529,3.981,4.459,4.29705,9.24794,4.40293,9.07058
"CSF.1",11.37892,10.63357,10.52863,10.67589,10.75254,10.40852,10.82133,9.25759,10.34215,11.15663,10.92129,11.00083,10.82078,11.65588,11.1102,11.18536,10.51374,11.09364,10.76583,11.39737,10.37476,11.29852,10.612,11.11466,10.85629,11.27964,11.46983,10.85791,10.54388,11.49139,10.87102,11.59381,11.22235,10.53063,11.18696,11.36907,11.76242,11.0096,10.58618,11.55655,9.34474,11.18782,10.53807,10.73815,11.41764,11.3603,11.16132,11.04455,8.9733,10.77067,10.8931,10.4052,11.09406,11.23262,10.89753,10.95386,9.03834,11.21504,11.16338,11.24972,10.98044,11.09618,11.21479,10.87734,9.43312,9.85322,9.71839,10.05724,9.88998,9.51654,9.78175,10.14526,10.07039,9.78776,9.85204,9.51861,9.67961,10.21596,10.08877,9.59342,9.94946,10.46651,10.46683,9.70374,10.06485,10.13739,10.44746,10.12259,10.2308,10.08665,10.40929,9.76643,9.8985,9.81884,10.31838,10.1182,8.26629,8.18716,8.31434,8.37982,8.56086
